,name,lyrics
0,korean ,"? i was like you and you were like me i was like you yeah i was like you, baby i was like you yeah you were like me, and i was like you oh we were so crazy in love, baby hmm, i remember baby i remember all the days, yeah , yeah babe yeah yeah i was like you and you were like me i was like you yeah i was like you, baby i was like you yeah you were like me, and i was like you oh we were so crazy in love, baby hmm, , ooh... oh, love! i was like you and you were like me i was like you yeah i was like you, baby i was like you yeah you were like me, and i was like you oh we were so crazy in love, baby i was like you and you were like me i was like you yeah i was like you, baby i was like you yeah you were like me, and i was like you oh we were so crazy in love, baby hmm, i remember baby i remember all the days, yeah embed"
1,korean ,everything is good everything is good instagram id yeah uh everything is good everything is good everything is good i'm a bad boy keep goin' everything is good iphone i'm good everything is good iphone embed
2,korean ,you hey you boy you hey you boy yo i told ya yo you hey you boy embed
3,korean ,"'' deja vu , process ( ) baby i gotta go i don't give a- oh, boy i can feel it deja vu so beautiful ? but baby i gotta go i don't give a- oh, boy i can feel it yo, i'm confused, girl baby i gotta go i don't give a- oh, boy i can feel itembed"
4,korean ,", , , , , , , friend , , , ? , ? , , , , , you know it all, you're my best friend , yeah, eh-eh, yeah, yeah , embed"
5,korean ,"ah-choo, ah-choo, ah-choo, ah-choo, ah-choo, ah-choo, embed"
6,korean ,embed
7,korean ,"they say i'm just young and free, ay-ay they say what you know bout me? huh? i'm just young and free, but i be like fuck you, just pay me i'm chasin' my dreams while you lame dudes being lazy hi lv, i be stunning i'm just doin' my work dirt, let's get it everything's gon' be okay 'cause nothing can fuck with us don't need to be afraid 'cause nothing can fuck with us they say it's okay ? ay-ay they say never, i don't wanna be the same lame so just do the damn thang either it's raining or shining, i'm always on my hustle one hunnid everything's gon' be okay 'cause nothing can fuck with us don't need to be afraid 'cause nothing can fuck with us all i need is you, baby, fuck the world as long as you're my man, baby, i'm your girl all i need is you, baby, fuck the world as long as you're my man, baby, i'm your girl and nothing can fuck with us everything's gon' be okay 'cause nothing can fuck with us don't need to be afraid 'cause nothing can fuck with usembed"
8,korean ,boy you gotta be aware boy you gotta be aware boy you gotta be awareembed
9,korean ,"do you have something to say? 'cause the feelings in my mind cannot escape would you ever take me? 'cause my heart is all i carry the feelings in my mind i cannot explain far away there's places to see and all the worries and the lies cannot see me could you ever take me? 'cause my heart is all i carry the feelings in my mind i cannot explain maybe, we need some time to mend this broken trust i don't want this to end and fade to dust baby, we need some time to mend this broken trust i really want us to start up this trust days and i don't know what pace this is if i could read your mind, would you notice it? discolor all the worries, find the right exit i promise not to hide, i give you full permit i'm understanding that you wanna be good friends a very special timing we can alternate i'll be right there do more than care i know what i want is to speed it up with you i know i'm a girl, but not the average kind you're saying all these aimless things, i'm not surprised but i'm infatuated by the way you smile i don't need a man to complete me strong like a diamond, you can't break me but you could be my pearl king i could be your diamond queen maybe, we need some time to mend this broken trust i don't want this to end and fade to dust baby, we need some time to mend this broken trust i really want us to start up this trust start up this trust focus it on us start up this trustembed"
10,korean ,"lyricshangul ? ? ? ? ? ? , , , , romanized swibji anhjyo bappeujyo? wae ireohkekkaji haeya hana sipjyo? baraneun ge deororeobge manhjyo? swigo sipjyo? sikkeureobjyo da seon-gasijyo? jibe gago sipjyo? jibe gago sipeul geoya gereol ddaen i noraereul chokollitcheoreom ggeonae meogeoyo pigonhaedo achim jeomsim bab jom chaengkyeo meogeoyo geureomyeon idda naega chinchanhaejulgeyo bogo sipeo manhi johahaeyo deo manhi anajugo sipeoyo sarang, sarang biseuthand geol haeyo eojjeomyeon jeongmal baegopeulddaen i noraereul achim sagwacheoreom ggeonae meogeoyo pigonhaedo achim jeobsim bab jom chaengkyeo meogeoyo gereomyeon idda bame jamdo jal ol geeyo himdeureoyo areumdawoseo arabwajwoyo, nareul horryeobonaeji mayo, nareul saanghaejwoyo nal, nal nohchiji mayo english it's not easy, huh? i know you're busy you wonder why you have to come this far they want so much you must want a break it's all so loud all so annoying, right? i bet you want to go home i bet you do at such times, take out this song enjoy it like a piece of chocolate make sure you eat your meals even if you're tired then i'll compliment you later i miss you i like you a lot i want to hug you more often i feel something like love for you maybe i really do love you when you feel hungry, take out this song eat it like a morning apple make sure you eat your meals even if you're tired then you'll be able to sleep better at night i'm worn out by your beauty please notice me please don't let me pass by please love me don't let goembed"
11,korean ,"no make up, yeah, no make up, yeah babe no make up, yeah, no make up yeah no make up, yeah, no make up yeah embed"
12,korean ,"i gave you all my love love all of my love love you need to let it go go leave me alone lone no no no no no i don't recall i don't recall uh i hope that you need to let it go go leave me alone lone i gave you all my love love all of my love love no no no no no i don't recall i don't recall i know know know, know know know baby i can't let you go i can't let you go i don't recallembed"
13,korean ,"lyricskorean original , , , , ? , romanization uri jibeneun maeil na hollo isseotji abeojineun taeksideuraibeo eodinyago yeojjwobomyeon hangsang ""yanghwadaegyo"" achimimyeon meorimate nohin byeolsatange ramyeonttange saebyeongmada toegeunhasin abeoji jumeonireul gidarideon eorin narui nareul gieokhane eomma appa du nuna naneun makdungi, gwiyeomdungi geu narui nareul gieokhane gieokhane haengbokhaja uri haengbokhaja apeuji malgo apeuji malgo haengbokhaja haengbokhaja apeuji malgo geurae geurae naega doneul beone, doneul da beone ""eomma baegwonman"" haesseonneunde uri eomma appa, tto gangajido ijen nareul barabone jeonhwaga one, nae eomeonine tturururu ""adeul jal jinaeni"" eodinyago mureoboneun mare na yanghwadaegyo ""yanghwadaegyo"" eomma haengbokhaja apeuji malgo jom apeuji malgo haengbokhaja haengbokhaja apeuji malgo geurae geurae geu ttaeneun na eoril ttaeneun amugeotdo mollanne geu dari wireul geonneoganeun gibuneul eodisinyago eodinyago yeojjwobomyeon abeojineun hangsang yanghwadaegyo, yanghwadaegyo ije naneun seoinne geu dari wie haengbokhaja uri haengbokhaja apeuji malgo apeuji malgo haengbokhaja haengbokhaja apeuji malgo geurae haengbokhaja haengbokhaja apeuji malgo apeuji malgo haengbokhaja haengbokhaja apeuji malgo geurae geurae english translation i was always alone at home my dad is a taxi driver whenever i asked him where he was he'd answer, the yang hwa bridge every morning, he'd leave me candy and ramen my dad would end his shifts at dawn i remember the young me always waiting for his pocket mom, dad, my two older sisters i was the baby of the family, the cutie i remember those days i remember let's be happy let's be happy don't be sick, don't be sick let's be happy, let's be happy don't be sick i'm making money, i'm making all the money i used to ask my mom for ten cents my mom and dad, even my dog they all look to me now i'm getting a call, it's my mom ring ring, ""hi son, how are you?"" she asks me where i am i'm at yang hwa bridge mom, let's be happy don't be sick, don't be sick let's be happy, let's be happy don't be sick back then, when i was young i didn't know anything the feeling of walking across that bridge whenever i asked him where he was my dad would always be at yang hwa bridge, yang hwa bridge i'm standing there right now let's be happy let's be happy don't be sick, don't be sick let's be happy, let's be happy don't be sick let's be happy let's be happy don't be sick, don't be sick let's be happy, let's be happy don't be sickembed"
14,korean ,"i need a cha cha beat, boy i can only do right by yuh i won't never go deceive yuh i'll even dye my hair blonde for yuh i can be your justin bieber give me that work like you riri girl, pop it like d grant wishes like genies oh let me see that ting, baby trust in me, this is the moment you've been waiting for girl, all your life tell your friends that you don't need a ride home 'cause i got you tonight the uber's on the way 'cause i had a couple drinks tonight but i'm more drunk off of your love baby, i just can't get enough so baby girl wake up, wake up, let's get it started stay up, stay up, girl, i'd be on it don't go to bed unless you go with me phone blowin' up, i'ma let the hotline bling 'cause... baby me like yuh i'll make you feel so good do you just like i should i hope you know it i hope you know it i hope you know it i hope you know it the way you workin' that motion girl, you got me in a trance it's like i'm crossing the ocean journey to another land, oh no no bae you are the fittest and oh no no ooh, you're pullin' on my pants, oh no no i wanna rock your, rock your body girl, you got me so excited trust in me, this is the moment i've been waiting for, girl, all my life i have no other intentions, only just to go and do you right baby surf the waves together in the moment of our lives it's an unforgettable love baby i just can't get enough wake up, wake up, let's get it started stay up, stay up girl, i'd be on it don't go to bed unless you go with me phone blowin' up, i'ma let the hotline bling 'cause... baby me like yuh i'll make you feel so good do you just like i should i hope you know it i hope you know it i hope you know it i hope you know it baby, look into my eyes we inside your paradise, baby paradise feel the breeze up on your skin capture this so it'll never end never end, oh ooh, yeah baby me like yuh i'll make you feel so good do you just like i should baby me like yuh i'll make you feel so good do you just like i should i hope you know it i hope you know itembed"
15,korean ,"groovy everywhere girl girl girl baby girl , huh girl oh, girl and girl baby girl , , yeah , , yeah , , , ! i want you back, i need you back i want you back, oh girl i want you back, i need you back i want you back, oh girl uh ooh, girl oh, girl girl oh, girl so i'm so sorry, so sorry, so sorryembed"
16,korean ,"oh, whoa whoa yeah, yeah yeah baby , yeah , yeah , yeah , nah , yeah i don't care baby i don't care baby yeah, hey yeah yeah, hey yeah you got me like ooh you got me like ooh, ooh ooh ooh you got me like ooh you got me like ooh, ooh ooh ooh single lady? baby baby i'm solo from now on i don't know baby, yeah yeah i do know , yeah, ooh girl aladdin and jasmine, now i'll show you a whole new world magic carpet girl baby uh, baby nothin' on you, i just wanna know your name baby yeah, hey yeah yeah, hey yeah you got me like ooh you got me like ooh, ooh ooh ooh you got me like ooh you got me like ooh, ooh ooh oohembed"
17,korean ,"don't worry about money , groove , alright? i'm a boy you're a girl i'm a boy but you're a girl i'm a boy you're a girl , elec ice bucket challenge festivity oh-uh, oh-uh, yeah reaction oh-uh, oh-uh insta oh-uh, oh-uh want to see ma tattoo , don't worry about money , groove , alright? i'm a boy you're a girl i'm a boy but you're a girl i'm a boy you're a girl party , i'm intoxicated, game oh-uh, oh-uh, yeah oh-uh, oh-uh oh-uh, oh-uh ? , don't worry about money , groove , alright? i'm a boy you're a girl i'm a boy but you're a girl i'm a boy you're a girl say hello to ma little friends oh-uh, oh-uh, don't worry about money , groove , alright? i'm a boy you're a girl i'm a boy but you're a girl i'm a boy you're a girl embed"
18,korean ,embed
19,korean ,"rose rose so just run away, run away i said, oh-oh-oh i said, run away, just run away rose rose , , best friend so run away, just run away 'cause you and i must come to an end every rose has its thorn every rose has its thorn every rose has its thorn hmm, hmm-hmm-hmm so just run away, run away i said, oh-oh-oh i said, run away, just run away rose rose embed"
20,korean ,"come meet me in the hot tub, girl i'll bring the champagne and you just bring that body here and we can do our thang girl we can make sweet love all night till the sun shines in our face come meet me in the hot tub, girl the hot tub, girl ooh girl, the candles are lit and all that's left is me kissing your lips and let me call you mama 'cause we about to make a baby and before i go put it in i'll go underwater, girl just like a fish and the way i stay down there you gon' think i'm aquaman baby oh, whoa, whoa, when i'm all up in it i'm gonna get lost up in your sea, yeah yeah and i know when i'm finished you'll return this favor back for me, yeah, girl come meet me in the hot tub, girl i'll bring the champagne and you just bring that body here and we can do our thang girl we can make sweet love all night till the sun shines in our face come meet me in the hot tub, girl the hot tub, girl ooh, girl the candles are lit and all that's left is me kissing your lips and let me call you mama 'cause we about to make a baby and before i go put it in i'll go underwater, girl, just like a fish and the way i stay down there you gon' think i'm aquaman i'll be deep in your legs i'll be making you wet like it's my super power you gon' think i'm aquaman i'll be surfing your waves the way i'm holding my breath like i have super powers you gon' think i'm aquaman baby, i know you were waiting on a hero so i'm here to save you babe i wanna know your taste, uh i'll put in you in my entourage i'm vincent chase, your aquaman make you come all night baby, i won't stop have a conversation with a little sexy talk ooh, let's rock, i'm so hard after we done with this exchange, baby girl you and i can get down like it's our job and i'ma be the best you ever had so please, baby girl let's make it last make it last, make it last, oh come meet me in the hot tub, girl i'll bring the champagne and you just bring that body here and we can do our thang girl we can make sweet love all night till the sun shines in our face come meet me in the hot tub, girl the hot tub, girl ooh, girl the candles are lit and all that's left is me kissing your lips and let me call you mama 'cause we about to make a baby and before i go put it in i'll go underwater, girl, just like a fish and the way i stay down there you gon' think i'm aquaman i'll be deep in your legs i'll be making you wet like it's my super power you gon' think i'm aquaman i'll be surfing your waves the way i'm holding my breath like i have super powers you gon' think i'm aquaman embed"
21,korean ,"yeah yeah yeah just one day, one night i like that yo ma honey bgm party, party * party, party* girl i'm sorry , , , , , let's go time hours , , party, party * * party, party can you please stay with me?embed"
22,korean ,"hangul hey what's up beauty turning on jazz gentle kiss clean up mass last night oh my girl oh my girl girl romanization budeureopge mudeuitge ttatteutage kkok anajusio maeil han beonssik sayonghasio budeureoun nun majuchil ttaen miso jieoseo geunyeoreul utge hey what's up beauty mareul geosio geunal achimen meonjeo ireonaseo turning on jazz gentle kiss neol barabwa neomu jichil ttaen soju du byeong deulgo soljikhage geunyeoui jip dudeurisio gakkeum han beonssik mujakjeong gachi tteonagasio dareun haneul dareun baram sum swige haejwo gakkeum han beonssik mujakjeong kiseuhaejusio iyu eobsi neoege ppajin geu nalcheoreom jal ttaeneun nageutage joyonghage nunmul nage malhaejusio maeil han beonssik neomu gomawo geunal achimen meonjeo ireonaseo clean up mass last night sseom neol kkaeugo baraedajul ttaen balgeoreum cheoncheonhi najikhage geunyeoege gobaekhasio dareun yeoja apeseon iseongjeogijiman isanghage neo apeseon gamjeongi apseo neol sayonghagien neomuna akkawo manyang barabogien neon nal michige hae yeongwonhi neol sayonghago sipeo oh my girl oh my girl budeureopge mudeuitge ttatteutage kkok anajusio maeil han beonssik sayonghasio jal ttaeneun nageutage joyonghage nunmul nage malhaejusio maeil han beonssik neomu gomawo i areumdaun girl nochiji masio english softly, with mood, warmly, tightly hug her use it once a day, every day when your soft eyes meet hers, smile so she can smile, hey what's up beauty, talk to her get up first in the morning, turning on jazz gentle kiss, i'll look at you when you're too tired, take two bottles of soju and honestly knock on her door sometimes, leave together without a plan let her breathe under a different sky, a different wind sometimes, kiss her without a plan just like the day i fell for you without reason when it's time to sleep, with a low voice, quietly, make her tear as you say thank you so much, once a day, every day get up first in the morning and clean up mess last night, wake you up when you're walking her home, slow footsteps with a low voice, confess to her i'm rational in front of other girls but strangely, in front of you, my emotions come out first you're too good for me to use just looking at you drives me crazy i want to use you forever oh my girl oh my girl softly, with mood, warmly, tightly hug her use it once a day, every day when it's time to sleep, with a low voice, quietly, make her tear as you say thank you so much, once a day, every day this beautiful girl, don't lose herembed"
23,korean ,miss you can't stop me now can't stop me now can't stop me now can't stop me now i can't stop loving you i can't stop loving you miss you can't stop me now can't stop me now can't stop me now can't stop me now i can't stop loving you can't stop me now can't stop me now can't stop me now can't stop me now i can't stop loving you i can't stop loving youembed
24,korean ,chemistry selfie girl oh baby love is you oh baby love is you oh baby only you mini skirt skinny jean sneakers high heel girl don't worry about that baby oh baby love is you oh baby love is you oh baby only you hit that put your hands up baby got that body like you so fine girl come on su da ri du du du let me talk to you oh baby oh baby love is you oh baby love is you oh baby only you oh baby only youembed
25,korean ,"gray so let's go for a drive oh yeah, girl, oh yeah, girl, and now , girl only you girl you were always there, for sure jay-z beyonce together we can run the world pick up ? i'll take you foreign, it's all for me and you, i'ma keep on hustling! so let's go for a drive me and you, girl i'll show you the world couple victoria beckham girl no matter what i'll always be there your superman, baby , i'm your gps girl 'cause you are so special on to the next level so let's go for a drive let's go for a drive, let's go for a drive, baby in this foreign car, baby all night long let's go for a drive, let's go for a drive, baby you're the only one that i want, my girl i'm not a ceo but got a lot of money so let's make a video baby are you gonna stay the night? so let's go for a driveembed"
26,korean ,"mr. chu lyricsromanizationhanbeon bomyeon du beon deo bogo sipeo dubeon sebeon bomyeon neoreul deo ango sipeo neowa keopeulling keopeulling sone kkigoseo hamkke i gireul geotgo sipeo nan maeil maeil bwado nan deo johajyeo dubeon sebeon naui boreul kkojibeo bwado machi dreaming dreaming kkumeul kkuneun deut saenggangman haedo nan misoga mr. chu~ ipsul wie chu~ dalkomhage chu~ onmome nan himi pullyeo nae mam heundeul heundeureo nal heundeureonwayo i'm falling falling for your love hey you~ ipsul wie chu~ everyday with you~ neol bomyeon nae nuni gamgyeo mollae saljjak dagawa tto kiseuhaejullae nae kkumgyeol gateun neon namanui mr. chu~ budeureoun gamchok ijeul su eobseo hwakkeungeorineun nae eolgul ppalgaejineun geol it's so lovely lovely sarangseureowo nan nega jakkuman johajyeo mr. chu~ ipsul wie chu~ dalkomhage chu~ onmome nan himi pullyeo nae mam heundeul heundeureo nal heundeureonwayo i'm falling falling for your love hey you~ ipsul wie chu~ everyday with you~ neol bomyeon nae nuni gamgyeo mollae saljjak dagawa tto kiseuhaejullae nae kkumgyeol gateun neon namanui nae sowoneul deureojwoyo yeongwonhan sarang irwojugil jjaritjjaritan neukkim jeoldae mam byeonhaji anki pyeongsaeng naman barabwajwo baby mr. chu~ ipsul wie chu~ dalkomhage chu~ onmome nan himi pullyeo nae mam heundeul heundeureo nal heundeureonwayo i'm falling falling for your love hey you~ ipsul wie chu~ everyday with you~ neol bomyeon nae nuni gamgyeo mollae saljjak dagawa tto kiseuhaejullae nae kkumgyeol gateun neon namanui mr. chu~ korean dreaming dreaming mr. chu~ chu~ chu~ i'm falling falling for your love hey you~ chu~ everyday with you~ mr. chu~ it's so lovely lovely mr. chu~ chu~ chu~ i'm falling falling for your love hey you~ chu~ everyday with you~ baby mr. chu~ chu~ chu~ i'm falling falling for your love hey you~ chu~ everyday with you~ mr. chu~english translationwhen i see you once, i wanna see you two more times if i see you twice, three times, i want to hug you even more i want to put on couple rings with you and walk together on this street even when i see you every day, i like you even more even when i pinch myself two times, three times it's like i'm dreaming, dreaming i smile just at the thought of you mr. chu, on my lips, chu, sweetly, chu i lose all strength in my body you shake up my heart, you shake me up i'm falling falling for your love hey you, on my lips, chu, every day with you when i see you, my eyes close will you secretly come to me and kiss me again? you're like my dream, you're my mr. chu i can't forget the soft feeling my hot face is getting red it's so lovely, lovely i keep liking you more mr. chu, on my lips, chu, sweetly, chu i lose all strength in my body you shake up my heart, you shake me up i'm falling falling for your love hey you, on my lips, chu, every day with you when i see you, my eyes close will you secretly come to me and kiss me again? you're like my dream, you're my listen to my wish i hope an eternal love will come true i hope this electrifying feeling never changes always look at only me baby mr. chu, on my lips, chu, sweetly, chu i lose all strength in my body you shake up my heart, you shake me up i'm falling falling for your love hey you, on my lips, chu, every day with you when i see you, my eyes close will you secretly come to me and kiss me again? you're like my dream, you're my mr. chuembed"
27,korean ,nonono lyricshangul: um no no no no no woo no no no no oh no no no no romanization: naega himi deul ttae naege dagaon geudae salmyeosi naegero wa ip matchwo jun geudae machi mabeopcheoreom nal gamssajun jeongmal ireon gibun cheoeumiya um gakkeumssigeun geudaedo himdeungayo geureoke honja seulpeohamyeon eotteokae hanadulssik buri kkeojyeoganeun gonggan soge naega neol bichwojulge seulpeohaji ma no no no honjaga anya no no eonjena naege hangsang bichi dwae jun geudae nae soneul jabayo ije jigeum dagawa gidae eonjena himi dwae julge kkumi manteon geudaen neomu tteollideon geuttae sumaneun siryeon soge gijeogeul baraetgo galsurok bureooneun barame heundeullineun moseup cheoeumiya woo oraetdongan manido chamannayo amu mal anko gogae tteolgumyeon eotteokae hanadulssik gyeoteul tteonaganeun sesang soge naega neoreul bichwojulge seulpeohaji ma no no honjaga anya no no eonjena naege hangsang bichi dwae jun geudae nae soneul jabayo ije jigeum dagawa gidae eonjena himi dwae julge gajang naege himi dwae jueotdeon nareul eonjena mideojudeon geudae dadeul geumanhaerago malhal ttae majimak nega barabol sarang ijen naega dwae julge oh seulpeohaji ma no no honjaga anya no no eonjena naege hangsang bichi dwae jun geudae nae soneul jabayo ije jigeum dagawa gidae eonjena himi dwae julgeembed
28,korean ,"dream dream i know, she knows dream dream well, i don't care even if you're a sweet liar well, i don't care cause i will make you believe dream dream embed"
29,korean ,oh~ oh~ you're beautiful. oh~ oh~ you're beautiful ~ oh yeah all right fly to you you're beautifulembed
30,korean ,"i wish, ring my bell i want you, ring my bell i wish, ring my bell i want you, ring my bell i wish, ring my bell i want you ring my bell embed"
31,korean ,"na, na, na, na, na, na it's gotta be you na, na, na, na, na, na it's gotta be you na, na, na, na, na, na i can't let go na, na, na, na, na, na it's gotta be you na, na, na, na, na, na it's gotta be you na, na, na, na, na, na i can't let go na, na, na, na, na, na it's gotta be you na, na, na, na, na, na it's gotta be you na, na, na, na, na, na i can't let go na, na, na, na, na, na na, na, na, na, na, naembed"
32,korean ,hey just one last dance hey just one last dance hey just one last dance one last smile one last smile embed
33,korean ,"no, i don't wanna go too fast , no 'cause nothing really lasts , yeah i think i need some time but i can't get you off my mind, no, no, no, no uh, bartender these ladies so loyal geez girl, love me tender shit real love? i think i wanna just girl, i wanna get down -- -- -- girl, i wanna get down papillon girl game eldorado real love? i think i wanna just girl, i wanna get down -- -- -- girl, i wanna get down you and me ride babe, honey, honey but i want it and you know it , -- -- girl, i wanna get down, girl, i wanna get down girl i wanna get down girl, i wanna get down -- -- -- girl, i wanna get down, yepembed"
34,korean ,"ooh whoa... ( , ooh...) your eyes, your eyes , christmas oh girl, all i need is you, ah... your eyes, your eyes , never everytime i love you i do your eyes, your eyes , baby, baby, baby, oh, oh, oh... ooh, ah-ah, ah, ah-ah-ah... ooh, ah... ( )embed"
35,korean ,"missing you won't you set me free? baby, -- love -- love uh, i'ma fall in love, baby you gon' finna catch me, uh give you all of this, baby call me pretty and nasty 'cause we gonna get it, my love you can bet it on black we gon' double the stack on them, whoo i be the bonnie and you be my clyde we ride or die, xs and os missing you won't you set me free? baby, -- love -- love one, two, three , , blackpink in your area baby, -- love -- loveembed"
36,korean ,"some say, it ain't over 'til it's over, but i guess it's really over now there's something i gotta say before i let you go listen , , baby, 'cause you should be my lady wedding dress girl, wedding dress wedding dress oh, wedding dress oh no , , , baby, 'cause you should be my lady wedding dress girl, wedding dress wedding dress oh, wedding dress oh no , no oh wedding dress girl, wedding dress wedding dress oh, wedding dress oh noembed"
37,korean ,"uh yes i'm a soldier for you sweet equals morning makes harmony let it go romance hey baby it's comin' new day hey it's common lovesick it must be l-o-v-e % sure of that i want you really, i mean really strawberry don't bad guy morning makes harmony let it go romance hello i'll be there try it must be l-o-v-e % sure of that i want you really, i mean really see you tomorrow oh baby it can't be over like this someone help me it must be l-o-v-e % sure of that i want you really, i mean really it must be l-o-v-eembed"
38,korean ,"you worth it, you perfect deserve it, just work it pretty pretty tell 'em you're my lady alright you say yes or no, yes or no live your life live your life come on baby you don't mind you don't mind that new lady let you go, let you go, let you go let it go oh all my ladies put your hands up hands up all my ladies put your hands up now scream say oh yeah say oh bae okay you're mine don't worry, don't worry baby you're beautiful you, you, you live your life live your life come on baby you don't mind you don't mind that new lady let you go, let you go, let you go let it go oh all my ladies put your hands up hands up all my ladies put your hands up now scream everybody wanna love you everybody gonna love you everybody wanna love you bae everybody gonna love you bae all my ladies put your hands up hands up all my ladies put your hands up now scream all my ladies put your hands up hands up all my ladies put your hands up now screamembed"
39,korean ,", what's the situation? , yeah, uh , yeah , , , oh-oh , uh, , oh-oh , yeah , , , oh-oh , oh-oh , it's you , , oh-oh embed"
40,korean ,"hola hola lyricskorean original can i get your attention, baby girl let me tell you somethin' - hold up, wait a minute like the ocean oh ah ah, wanna love ya like there's no tomorrow baby can you feel me burnin' up? my l-u-v all night long hola hola hola hola uh, like rum puh puh puh pum rum puh puh pum you're my pastel-tone film green s step ocean view spectrum deja-vu can you feel me burnin' up? my l-u-v all night long hola hola hola hola the night is right throw your hands up to the sky hola hola hola hola can you feel me burnin' up? my l-u-v romanized gibun johge naelijjoeneun haessal maju bomyeonseo utgo issneun geudaewa na neomu joha ireohge maeil ireohgeman haengboghameul gyesok angyeojullae kkaego sipji anheun kkumman gata can i get your attention baby girl lemme tell u something hold up wait a minute jeoldae kkael il eopseo neoui mideum bujokhae malloman pyohyeonhagineun like the ocean neol hyanghan sarangui gipineun oh ah ah neowa maeilmada kkaegopa nan neoui hyanggi baen du pallo gama wanna love ya like theres no tomorrow deoneun baraji anha baby sseudadeumneun songiri neomunado daldalhaeyo geudaeneun eojjeom iri jillijiga anhjyo idaero jamsi sigani meomchwosseumyeon johgessdan saenggagi jakku deuneyo can you feel me burnin up ma l u v daraolla olla all night long hola hola naraolla olla jeo wiro hola hola uh naesaek an hae chama joheun geol gamchulyeogo aesseodo gyesok simjangeun yodongchyeo like rum puh puh puh pum rum puh puh pum geunyang isseodo nae gaseumi jayeonseure neol hyanghae ttwigo isseuni moreuneun cheok neomeoga jwo neomu bukkeureobji anhge nal anajwo nal anajwo binteumeopsi yo ma endolpin paseutel ton pilleum deopin noeulbicc geurin green yutopia nanari deoschilhaeon isang segyero habbeobjeogin dopi durui singgeureon seuteb machi bomui walcheu osyeonbyu seupegteureom han pogui peureim dejabyucheoreom yunijeun dwae eojesbamui kkum han yeoreumbamui kkul dalkomhal ppun sseudadeumneun songiri neomunado daldalhaeyo geudaeneun eojjeom ili jillijiga anhjyo idaelo jamsi sigani meomchwosseumyeon johgessdan saenggagi jakku deuneyo can you feel me burnin up ma l u v daraolla olla all night long hola hola naraolla olla jeo wiro hola hola naraolla olla jeo wiro the night is right throw your l'up to the sky ireohge yeongwonhi utge haejwoyo hola hola hola hola idaero jamsi sigani meomchwosseumyeon johgessdan saenggagi jakku deuneyo can you feel me burnin up ma l u v english translation the sun shining on us feels good we're looking at each other and smiling it's so nice, will you give me this happiness every day, just like this? it's like a dream i don't want to wake from can i get your attention baby girl lemme tell u something hold up wait a minute i'll never break your trust words aren't enough to express like the ocean the depth of my love for you oh ah ah i wanna wake up with you every day wrap around you with my arms that smell like you wanna love ya like theres no tomorrow don't want anything else baby your caressing touch is so sweet how come i never get sick of you? i wish time would stop like this i keep thinking can you feel me burnin up ma l u v it's getting hot all night long hola hola we're flying up up high hola hola i try not to make it obvious i try to hide it but my heart keeps pounding like rum puh puh puh pum rum puh puh pum even when i'm staying still my heart naturally beats toward you so pretend you don't notice hug me so i won't get too embarrassed hug me without any space left, yo ma endorphin the sunset has a pastel tone film on top it's a green utopia as long as those days are there we'll escape to that world our gentle steps are like a spring waltz an ocean view spectrum in our frame like dejavu, we're in unison like last night's dream a midsummer night's honey, so sweet your caressing touch is so sweet how come i never get sick of you? i wish time would stop like this i keep thinking can you feel me burnin up ma l u v it's getting hot all night long hola hola we're flying up up high hola hola the night is right throw your l'up to the sky make me laugh forever like this hola hola hola hola i wish time would stop like this i keep thinking can you feel me burnin up ma l u vembed"
41,korean ,"wanna touch me look, swag scale you can't touch this i know i know i don't care i'm ok i know , , hey , baby i'm bad all day sorry, i'm a dope girl you can't touch me, don't touch me you can't touch me, don't touch me you can't touch me, don't touch me you can't touch me, don't touch me oh , oh she's the queen key , ... , , hey , baby i'm bad all day sorry, i'm a dope girl you can't touch me, don't touch me i don't care i'm ok you can't touch me, don't touch me baby i'm bad all day sorry, i'm a dope girl you can't touch me, don't touch me you can't touch me, don't touch me you can't touch me, don't touch me you can't touch me, don't touch me romanization jeoldae mollaboneun saram eopsi eodil gana wanna touch me look, ige wollae nae swag bulman inneun aedeureun murina jwodo dwae ja olchi geurae olchi scale-i dalla you can't touch this deureobwatji ppalgaeyo chingumajeo nareul sigihae i know naman honja yeogie maeilgachi nan doma wie i know ssibeonwa useojul ttae i don't care jeonhyeo sanggwan an hae i'm ok nae jarineun yeojeonhae sigi jiltu deoneun gollanhae i know sasil jogeum wiheomhae neoneun neo, naneun na, hey ireoke jeoreoke sanggwaneopsi neoneun neo, naneun na ireoke jeoreoke ireoke jeoreoke ige da naega jallagaseo geureochi mwo naega yeppeoseo geureochi mwo da bureowoseo geuraeyo baby i'm bad all day naega jallagaseo geureochi mwo naega yeppeoseo geureochi mwo da bae apaseo geuraeyo sorry, i'm a dope girl ja olchi geurae olchi you can't touch me, don't touch me ja olchi geurae olchi you can't touch me, don't touch me ja olchi geurae olchi you can't touch me, don't touch me ja olchi geurae olchi you can't touch me, don't touch me naega jallagaseo geurae nega mot nagaseo geurae dabeun gandanhaji geurae gwansim bujokhaeseo geurae wollae eopji ne gaji sigan jaesu geop saljip taesaengbuteo sagi kaerikteo jubyeonui jiltu masaji oh yeojeonhi, oh she's the queen key ppaego da gajyeotjiman araseodeul mun yeolji gajjarago yokhae jinjjayeotdeon jeokdo eopseuni neon sondo mot jamneun hyuna-rang nuna dongsaeng sai, wae... neoneun neo, naneun na, hey ireoke jeoreoke sanggwaneopsi neoneun neo, naneun na ireoke jeoreoke ireoke jeoreoke ige da naega jallagaseo geureochi mwo naega yeppeoseo geureochi mwo da bureowoseo geuraeyo baby i'm bad all day naega jallagaseo geureochi mwo naega yeppeoseo geureochi mwo da bae apaseo geuraeyo sorry, i'm a dope girl you can't touch me, don't touch me i don't care jeonhyeo sanggwan an hae i'm ok nae jarineun yeojeonhae you can't touch me, don't touch me ireoke jeoreoke ireoke jeoreoke ige da naega jallagaseo geureochi mwo naega yeppeoseo geureochi mwo da bureowoseo geuraeyo baby i'm bad all day naega jallagaseo geureochi mwo naega yeppeoseo geureochi mwo da bae apaseo geuraeyo sorry, i'm a dope girl ja olchi geurae olchi you can't touch me, don't touch me ja olchi geurae olchi you can't touch me, don't touch me ja olchi geurae olchi you can't touch me, don't touch me ja olchi geurae olchi you can't touch me, don't touch meembed"
42,korean ,no problem dinosaur dinosaur dinosaur tv dinosaur dinosaur dinosaur dinosaur dinosaur dinosaurembed
43,korean ,"hmm, hmm shimmy-shimmy, ko ko bop, i think i like it down, down, , yeah, yeah , yeah, yeah , shimmy up it goes down, down, baby it goes down, down, baby oh-oh, oh-oh, oh, oh-oh, oh-oh, oh we goin' ko ko bop shimmy-shimmy, ko ko bop, i think i like it down, down, , baby, are you down? , yeah, yeah , yeah, yeah shakin' up it goes down, down, baby it goes down, down, baby oh-oh, oh-oh, oh, oh-oh, oh-oh, oh break it down now we go down now it's okay it's about to go, go down, down, baby it goes down, down, baby oh-oh, oh-oh, oh , oh-oh, oh-oh, oh goin' ko ko bop down, down, baby it goes down, down, baby oh-oh, oh-oh, oh , oh-oh, oh-oh, oh goin' ko ko bopembed"
44,korean ,": new year, same sad lyricsyoutube playlist spotify playlist january: - bloom in the rain by nothing's carved in stone - nothing else by mac ayres - winona by miloe - happy by young rising sons - fame by the satellite station - wore it like i stole it by the flowers - daydreams by walden - caught up by the motive - tightropes by naipia - just woke up by oscar delaughter - feelz by bay ledges - peur des filles by l'imperatrice - another night by two another - what i said by victon - lost by i-dle - ruby jean by mickey newball - by fan yi chn & alan kuo - sorry by danny elfman - idk by steevedreez - the real by n.flying - our summr by tomorrow x together - step? by bibi - stay beautiful by jamie - manners by band-maid - white sands by still corners - sputnik by mundaka - goodbye by rare monk - shrouded sun by before i turn - misunderstood by oska - domino by hail the sun - cherries by isa - t.i.k. by valleyheart - afterlife by holding absence - pillow talk by chapel - the worst by polyphia - lost in paradise by ali - vivid vice by who-ya extended - more like you by orla gartland - rock n roll by lil cat - part of me by healy - hit my line by josh fudge - lesson zero by epik high - end of the world by epik high - oidar by hether - the disease by sever - what you're doing to me by trevor something - by lexie liu - somebody like you by daste. - typhoons by royal blood - chasing knives by lonely the brave - can't run forever by vacation manor - right and left by survive said the prophet - outro : still by tomorrow x together - by jeebanoff - lavande by blandoe - mysterious by chinah - superpowerful by slenderbodies & crooked colours - duplex by small black - wolf by colde - odd eye by dreamcatcher - by zero period - sunday sunshine by young rising sons - clover by michael barrow & the tourists - lighter by colde - play with life by hwa sa - bushwick by the vanghns - outside by sleepy soul - mist by maika loubte - can't imagine feeling better by scoobert doobert - dance no more by swaine delgado - less by millionyoung - steady as she goes by tim hart - eat my love by bibi february: - got well soon by campusanis - ordinary by besphrenz - silver lining by clint lowery - show me how by men i trust - drifting by indii g. - oh love by lucas estrada, wankelmut & nobody cares - spotlight by bobby - mimi by youra - oh, but lover by haiva ru - better the devil you know by galleons - one one by death from above - year of the rat by void of vision - my limp by hayley williams - no more peaky mode by asaka - by myuk - by lexie liu - celebrity by iu - hope by arlo parks - vas by blssom - maybe it's just rare by the undercover dream lovers - sweet dreams by puma blue - silverlake by rare monk - dlmd by steevedreez - pine by unusual demont - miles by yeek - poison love by dreamcatcher - crucifix by plxntkid - timeless by of mice & men - good days by sza - claws by hovvdy - blue ceiling by moanday - tomboy by destiny rogers - cover me by polar states - yours by maye - soft by grae - the ocean by we are the empty - ordinary by umi - grateful by mahalia - obsessed by astrid s - movie by tom misch - i like u by niki - right here by keshi - by lelle - rollerskates by end of the world - just friends by audrey mika - honesty by pink sweat - honeymoon fades by sabrina carpenter - switchblade by niki - my favourite clothes by rini - is it just me? by sasha loan - double take by dhruv - high school by umi - telephone by a scent like wolves - surreal by better animal - as it is by alfa nova - jtm by charlotte fever - friends by prom - i still love you by a.m - no sleep by arm's length - sensitive by richie quake - everybody's gonna love somebody by alfie templeman - arrival by blame it on leo - fnio by ultramodernista - big bang by cherry glazerr - flying on faith by chung ha - turn it on by lasoum - under me by velafire - you&i by milk. - everything by mammoth indigo - can't go home tonight by the kelseys - the master mind by who-ya extended - stay: tempus by gsoul - tuckitin by yas - when my heart breaks by lambc - liar liar by yas - came in through a window by lomeli - satellites by space tyger - blocked by ethan tasch - sonata by micra - keeps bringing me back by blood cultures - be mine by sonia gadhia - big by legwurk - nothing by jetty bones - meteor by architects - butterfly by g-dragon - abitsincere by chayr - sink by vaundy - anchor by of mice & men - growing up by cinders - real life by claire rosinkranz - feel like by josh fudge - attention by shinee - squares by indigo waves - villain by cheetah - don't need by vinxen - flowers by honeywhip - wake up by divided minds - control freak by doll skin - black&white by braveweather - lala by life in sweatpants - everything's good by the valla - ready to go by lveheist - leather jacket by jon reynolds & the aches - baby good night by gd&top - famous by tungevaag, vlade kay & jonth - clouds by nf - under the gun by electric guest - sunday drive by ladyhawke - y don't u by kids on bridges - gimme twice by the royal concept - yes, i was drunk by twin atlantic - headlights by morning parade - change by churchill - danny, dakota & the wishing well by a silent film - another way out by hollywood undead - mz. hyde by halestorm - courtesy call by thousand foot krutch - all my friends by madeon march: - joker by big naughty - la la la by bnte & bva - cali dreams by vintage culture & fancy inc - be sweet by japanese breakfast - by have a nice day! - f*ck the world by badflower - beautiful mistakes by maroon - serotonin by girl in red - on your mind by lentra - woman up by lil cat - light giants by lapcat - i pray by tessalonia - expressions by my twin sister - sit on your hands by chemical club - twist by mak hee oh - trapped in a lava lamp by huron john - greek tragedy by the wombats - tides by haven - pfc by critter - morning by sleepy soul - dead or alive by gender roles - chemicals by holow & max green - something by dayglow - from here by pashy - tangerine by glass animals - crawling home when the morning comes by sweet and lonely - purely educational by eldel island - fuck it all by oscar scheller - this time by little monarch - a little bit bored by syence - guilty love by ladyhawke & broods - modern rapunzel by the covassettes - barely alive by ufo ufo - skeletons by young rising sons - feel like making love by mirei - love drug by leebada - she got it by dingo x bibi - friends by iiiboi & wonstein - why do u say by way ched - vvs by miranni, munchman, khundi panda & mushvenom - call u up by park jihoon - exit by lucy daydream - bkgw by nana lourdes - beautiful lies by lanre - dance on my own by m.o - tongue tied by verzache - take control by kream - telepatia by kali uchis - weapon by against the current - home by cole rolland - don't assume what you don't know by grace vanderwaal - daydreaming by yehra - by kun - by ronghao li - on the ground by rose - gone by rose - stepping stone by valleyheart - yoi yami kareido by eri sasaki - tearing me apart by prom - you by vacation manor - crazy by strawberry girls - hotel beds by doohickey cubicle - oh la la by gabry ponte & moti - heavy by mod sun - hotel fellatio by dubdogz, ida corr & hedegaard - toi et moi by paradis - everything's worth it by iogi - instagram by dean - peacewise silence by ackerman - by aimer & vaundy - around by familiar - time bomb by paul bartolome - sports with strangers by hunny - common ground by huron john - love me less by max - made your mark by hail the sun - the albatross by lost at sea - feel like by woodz - wtf by ponette - don't light my fire by dreamcatcher - limbo by royal blood - cinema by tessel & amber arcades - the point by valleyheart - is anarchy a good thing by tilian - rose coloured catastrophe by dear me - pretty girl hi! by umi - til i change your mind by teddy swims - for the glory by all good things - titans by lsd - paradox by super junior - save your tears by the weeknd - empty cup by iu - something by girl's day - falling in love - chinese version by uniq - i want you by chris lake - by - by silence wang - by gem, kozay & evis wy - by david tao - by rainie yang - , by - by ronghao li - by a-lin - mvp by will pan - come back by lil ghost/ - stop sugar by gen neo - by - cinderella by cnblue - like a mercedes by lexie liu - amusement park by bakehyun - this night by groovyroom - missed call by jiselle - you're sexy i'm sexy by eric nam april: - tired by cami petyn - the light by familiar - growing tired. by familiar - peter riffin by no dice - misery is butterfly by ex:re - for you by gsoul - let me inside your head by swim school - hollywood is under water by kowloon - supposed to by blu eyes - sweeter by dafna - awake by chiiild & mahalia - say by fret - stay mine by timmy trumpet & afrojack - burn it down by afterlife - spider by hoshi - nightmares by palaye royale - you & me by lizdek & joss lock - playlist by litany & oscar scheller - narcissist by younger hunger - something to lose by june - rules by richie quake - spinning by grae - what if i love you by gatlin - lazybaby by dove cameron - streets by doja cat - wolf skin by blame it on leo - you\me\everyone by iogi - . by milk. & search party animal - by jamie - major crimes & unicorns by val dagrain - no thanks by whee in - butterfly by whee in - expectations by daste. - for free by yas - billie and finneas by righteous punk - it's christmas and all the leaves are dead and so is your childhood by dear me - carry on by simple fiction - goddess by pretty havoc. - nightingale by young rising sons - too late by arkaeo - missing you by g-dragon - lmly by jackson wang - sorry by the rose - commes des garcons by isaac dunbar - bloom by of mice & men - circles by lambc - rosecolored by braveweather - quiero estar by bratty - all i crave is peace by tilian - factory reset by tilian - dreams you don't forget by night traveler - sunny - tak remix by suran - love line by tinashe & shift ky - flatline by two feet - chemicals by tropic gold - last time by sunday friend - kick back by wayv - last laugh by fletcher - transparent soul by willow - happen to me by benee - no space by alextbh - trigger by seori - cloud by primary - walking in the rain by chancellor & younha - deathwish by stand atlantic - all talk by just fine - parachute by vacation manor - by yenjamin - by eve - sorry mom by the band camino - life is a bi... by bibi - older by no love for the middle child & set it off - f me up - vansire remix by swaine delgado - scaredy cat by drp ian - so beautiful by drp ian - dope lovers by drp ian - nerves by drp ian - nerdy love by ph- & yerin baek - over by hojean - phobia by dvwn - irene by jimmy brown - dance by offonoff - distance by junny - memory by hojean - evita! by devita may - d by dean - automatic by chancellor, babylon, twlv, moon, bibi & jiselle - and july by heize - oscar by golden, ph-, big naughty & jay park - life sucks by ha:tfelt - party forever by simon dominic - superglue by bittermilk - not yours by mari ferreira - you by fredik ferrier - between days by far caspian - asonot by imri cohen - movie by junny - know me by gemini - let me know by jimmy brown - it was love by giriboy - tiny little boy by rad museum - goodnight by dvwn - why by hoody - by tricot - pink shirt day by luke rickarby & locket - lunatic fringe by anemoria - outside by swim school - in my head by ponette - seeds by crumb - bankrupt by silverstein - rue by girl in red - chris brown moves remix by the quiett, yumdda, hhyeon & jaeha - me too by meghan trainor - whenever he asks by gatlin - i'm scared by ley vara - kiss me more by doja cat - puzzle by cha-hee - day by day by mosaic - where the heart belongs by softspoken - deep down by lexie liu - i'm in love by colde - smoke by mac ayres - weekends by hojean - hurt by baekhyun & seo moon tak - eternal by jenevieve - frankeinstein by claire rosinkranzs - garbage by huron john - stay up by stevedreez - the absence of light by watch for wolves - fool's gold by sofia carson - hank is dead by red fang - you're killin' me by never loved - find out by never loved - shadow by siyeon & dami - butterfly effect by inchaos - strange clouds by b.o.b - motive by ariana grande - one shot by b.a.p - by dayy - flu by heize - lovememore. by dosii - the chase by alextbh - hands high - alonestar mix by alonestar & ed sheeran - jealousy, jealousy by olivia rodrigo - blowing smoke by teddy swims - broke by teddy swims - build a bitch by bella poarch - fuzzy by waterparks - cirque by sub urban - psycho by mia rodriguez - special by charlotte sands - fashion forward by the home team - crazy girls by paramore - tired eyes by water eyes - should've said it by camila cabello - alright by oohn - death bed by powfu & beabadoobee - actually happy by blu eyes - by motte - going by gemini - march lover by john park - mmmh by kai - surf. by wave to earth - hangang by hoody - when i smoke by bloo - what do i call you by taeyeon - happiness by sole - can you understand by mind combined - easy by nive - like a fool by nive & sam kim - aching by about - summeride by jay park - good boy by zai.ro - diver by polkadot stingray - please please by everglow - veneno by blssom - a fix of nostalgia by cinders - west like by destiny rogers - america's cup by pond - grown ups by aeroplane mode - someone to chill with by erika de casier - super emotional by honeymoan - cake by jdm global - easier by slenderbodies & joey pecoraro - deja vu by loud hound - otw // less fear, more faith by mileena - ain't talkin' bout much by patrick paige ii & syd - no more or less by renwick - pieces of summer by amor amor - climb by ali awan - dog days by argonaut & wasp - the waves by sunspire - hasta que by tatiana hazel - dream drop by instupendo - feels right by biig piig june: - don't know what to do - live by blackpink - u and me, but mostly me by elio - we are infinite by the lighthouse and the whaler - bittersweet by wonwoo & mingyu - secret love remix by horim - inside by junny - my new swag by vava - u love u by blackbear & tate mcrae - change by h.e.r. - by tricot - pasadena by tinashe & buddy - can't get me high by jax anderson - buzzed by teo & willow - wiggle by binki - bad texter by ryan woods - mariposa by peach tree rascals - morning sex by ralph castelli - stella brown by jelami aryeh - was it something i said by mykey - only in the west by yeek - thunder by roy blair - yoko by huron john & claire ernst - that i miss you by vansire - sea sick by binki - from these heights by jelani aryeh - puppy dog by dreamer boy - hustle by tifa chen - no joke by show luo - by nineone# - oh boy by g.e.m. - can't stand it by rui en - by j.sheon - two perfect moments by tyler bates - by ryan.b & iki - moonshot by n.flying - d.d. by ouioui - with friends like these by reckless serenade - dive by sunsleep - a faint illusion by tides of man - modern disco by amarionette - look alive by we are the ocean - f.c.p.r.e.m.i.x. by the fall of troy - sarcasm by get scared - letting go by eternity forever - breathe, desperately by from indian lakes - baby, you wouldn't last a minute on the creek by chiodos - ways by jackson wang - mx. sinister by i dont know how but they found me - the detail by delta sleep - my lips like warm coffee by chung ha & colde - i just wanna know what happens when i'm dead by hot milk - by big naughty - gawd remix by big naughty - by kami-sama, i have noticed - sherlock by oceanfromtheblue - transcend by bewhy & c jamm - sober by junny - between by alextbh - supervillain by between you & me - punk fun by huron john - troy bolton by huron john - nrys again by dad sports - cold waters by hong kong boyfriend - filth by christian leave - alice by your neighbors - moonlight by public library commute - pears by weston estate - pinch me by young friend - my future ex wife by andres - hum by young culture - me time by eri sasaki - disco pantz by rejjie snow, tinashe & grouptherapy - eyes half open by cinders - dance by jimmy brown - midnight charm by jenevieve - hmu by ley vara - jackson by woodie gochild - no blueberries by dpr ian - welcome to the show by dpr ian - edwin by mokyo & yein - actually pt. by penomeco - comme des garcons by jiwoo - what do by dean, crush & jeff bernat - gotta go by sik-k, gsoul, ph- & jay park - far from here by hojean - don't play by sik-k & punchnello - badkid!!! by dvwn - planet girl by jooyoung - never knew by jimmy brown - dive by jooyoung - i'm the one by bloo - after a long time by george, kim hyun chul & parkmoonchi - turning into video by stello - bad dream baby by hippo campus - boulevard by tessel - about to by city park - keep moving by charlotte day wilson - dogs of fire by ali awan - tulips at my bedside by central heat exchange & living hour - softer side by art school girlfriend - new cool by firstworld - fuck june by sipper - anytime by scotch mist - i can't even remember by hotel decor - mrs. david by seaway - over this by we were sharks - how big is your brain? by super american - fever dream by grayscale - blue in the dark by bearings - february weather by in her own words - ' benz by a story told - three's company by hungover - magic by vacation manor - storyteller by real friends - that's life by still woozy - the end by alesso & charlotte lawrence - go by mia gladstone - right through me by the home team - again&again by against the current - fumari by peach tree rascals - insecure by bren joy - best of me by dreamer boy - broken vows by the hails - the juice by sam kim - sleepover by litany - giants by true damage - sugarcoated by gatlin - medicine by paul bartolome - kids of summer by mayday parade - anyway by swim school - healing by fletcher - for days by efe, m.o & ria sean - paper hearts by tori kelly - get into it by doja cat - love to dream by doja cat - you right by doja cat - i forgot that you existed by taylor swift - overthinking by yeek - don't be a fool by dreamer boy - papa by peach tree rascals - anybody else by spill tab - halloween by marinelli - ae by between friends - cuff your jeans by claud - darcy by wabie - second base by forrest nolan - choked out by m.a.g.s. - skydive by postcard boy - fiji fine by bren joy - dancefloor by marcos g - nothing has changed by the polar boys - by jeremy zucker - like you by grae - somebody loves you by jeremy zucker july: - yellow cab by dpr live - too young by alta view - prisoner by alta view - her by poppy - breeders by poppy - dark dark world by poppy - daydreaming by spinn - core pride by uverworld - i just wanna by innosent in formal & - psycho by jeon soyeon - flower by johnny stimson - new girl by junny - move by brb. - beside you by keshi - easy by whee in & sik-k - bonnie & clyde by yuqi - family by badflower - castle in flames by alisa - idea of you by yas - fool around by yas & taylor from earth - trash by whee in - home by high grass - walk over my grave by yours truly - bouncin' by tinashe - hotel by claire rosinkranz - lax by claire rosinkranz - yours by jimmy brown - versos de placer by maye - thing by sophie powers & kellin quinn - t.y.s.m by happy hour - boy in the mirror by punchnello - roller coaster by youra - my house by declan mckenna - sangria by saara - way out by adn lewis - toxic by tiyon - god bless you by jayrah gibson & bos - state of wonder by inverness, anthony russo, kang daniel - you got nerve by tiyon - fragile by arcades & sofia - pretty lips by winehouse - horoscope by yung cxreal & baby frankie - northern lights by kennie - i love when it rains in la by wu aml - fan behavior by isaac dunbar - nightmares by two feet - waltzing back by no vacation - bunny by the birthdays - sweet dream by alessia cara - icy ivy by who-ya extended - rom com by soccer mommy - carousel by young rising sons - amoeba by clairo - way by chancellor - work hard by tatiana hazel - maybe by tatiana hazel - summer drive by set - downhill love by aleph - do what by claire ernst & huron john - beggin' by maneskin - talk! by oceanfromtheblue - get down by still woozy - us by moon jong up - take by inner wave - chaeri by magdalena bay - questions by far caspian - seito by obsimo & hector gachan - bluff by nico play - strike by little monarch - when dawn comes again by colde & baekhyun - supa straight by dj zirk, tha thick family, buckshotz, lil chris & primo - paresthesia by early eyes - crash and burn by maggie lindemann - games by tessa violet - we are between by modest mouse - everything sucks by vaultboy - don't rush by cabri - lullaby by against the current - i can see the future by tinashe - your body by jimmy brown & rovv - honest by jeremy zucker - think i'm crazy by two feet - summer tights by dpr live - boom by dpr live & dpr ian - devil by two feet - buffalo by sunwoojunga - divine by i - drugs by upsahl - time walking on memories by nell - carrying on by mini trees - whatever you want by p!nk - why y by bibi - by indigo la end - what i like by destiny rogers - jeszcze raz by patrycja markowska - kitchen light by xana - no room u by prom - reignite by knox brown & gallant - monster by pvris - i'm alive by nive - palm tree by yenjamin - flux by poppy - liar by karl michael & teddy swims - esther by baynk & tinashe - shiver by young culture - head high by young culture - because by dreamcatcher - whistle by dreamcatcher - alldaylong by dreamcatcher - running out of time by gray joy august: - masterpiece by cloudy june - ego trip by trip carter - party again by tops - bad for fun by petite league - reconsider by cafune - hours by austin white - blue racecar by sassy - passenger seat by homeshake - shoes by layzi - false idols by honeymoan - chaise longue by wet leg - without you by grazer - jasmine by ruby francis - something got between us by the jungle giants - hard feelings by redspencer - kids don't care by dim sum - overdrive by kraak & smaak, tim ayre - dolores by amira elfeky - space girl by frances forever - no friends by cadmium & rosendale - i didn't change my number by billie eilish - lost cause by billie eilish - in the strangest way by the hails - know me by dpr live & dean - weekend by perc%nt - see you again by tyler, the creator - after the storm by kali uchis - weight in gold by gallant - is magic gone by fkj - sober by childish gambino - we by jeebanoff - if you wonder by jeff bernat - photograph by offonoff - bad habit by gsoul - jasmine by dpr live - sometimes by crush - paris in the rain by lauv - color drive by dpr cream - stay by the kid laroi & justin bieber - slow bloom by the home team - superimposed by juice - @ my worst by blackbear - resume by jenevieve - i can't make you love me by kinda blue & hwa sa - don't hate me by badflower - undo by tinashe & wax motif - all in by jay park, ph- & groovy room - playing games by summer walker & bryson tiller - peace sign by usher & zaytoven - work sumn by kirko bangz - candy by doja cat - h by kbn kbnlondon - alone with you by ashlee - bmb by jaymz & stillmorfn - all day by holyrain - unconditional by tinashe - last call by tinashe - the chase by tinashe - tom & jerry by - by - by - by young & hako - sweet baby by & - ur best friend by kiana lede & kehlani - got it like that by b.i, destiny rogers & tyla yaweh - fallin' by why don't we - by - girlfriend by - vibrant by time, the valuator - altar of the sun by bahari - hurt by bahari - california by bahari - sad face - tarro remix by bahari & tarro - savage by bahari - simplicity by yam haus - all yours by jane holiday - first time feeling by ripe - wonder by spencer sutherland - god complex by the true blue - doa by armors & olen - eagletown by orange guava passion - you make it easy by red hearse - tell me by spencer sutherland - willow by the q-tip bandits - summer rain by good boy daisy - sweet & spice by deb never & jim-e stack - try by kloudink - ticket to ride by kawala - shit could be worse by andres - beach - acoustic by veronica fusaro - ohmami by chase atlantic - rumors by lizzo - can i love? by cosmic boy - honey! by tabber & dean - thinkin' bout you by ouioui & wilcox - dingo x meenoi - dool by meenoi - but maybe by maddox - summer by the volunteers - take it slow by milky day - lost my mind by inverness & william bolton - nuuh by thama - killshot by magdalena bay - omomo punk by warren hue - anywhere by june - marigold by jelani aryeh - lonely in tokyo by mirei - crash my car by coin - woopie by still woozy - get by by still woozy - window by still woozy - all along by still woozy - black mambo by glass animals - cliche by sub urban - isolate by sub urban - patchwerk by sub urban & two feet - broken by dnmo & sub urban - c'est la vie by weathers - cry by ashnikko - cane shuga by glass animals - tessellate by alt-j - i know by heiruspecs - by no dice - loer=lover by tomorrow x together - paranoia by koethe - permanent vacation by arrows in action - panic by movements - nature by goodnight goodbye - faded by swably, dean & maberry - sad but true by royal blood - new gravity by miyavi - changes by daste. - away from me by foxera - maybe i should move to california by righteous punk - sunshine by dear me & arkaeo - see red by swim school - amapolas by leo rizzi - the thrill by yam haus - run wild by thutmose & nombe - hollywood by the black skirts - the only thing we know by bob moses - hurts hate somebody by elio, chase atlantic & no rome - shine your star by ohn - people say things change by air review - yoko ono by mob rich - runnin' it now by pigeon john - marigolds by kishi bashi - jungle by dillan ponders & ruby waters - something has to change by the japanese house - jackie onassis by elio - when u saw love by elio - get up by mother mother - count on you by banoffee - my friends online by elio - body language by elio - waste of emotion by elio - headache by heart of gold - whowho by wizthemc & hugo - overthinking by rikas - it's you by colde - enter sandman by rina sawayama - vibrate by iv jay - simon say by destiny rogers - over and over by motip - lustre by jiwoo - darling by stevedreez - tender by jax anderson - live again by grayscale - p.y.t. by amarionette - love you like i used to by revinins & kellin quinn - by lexie liu - motown by grayscale - king of everything by grayscale - crazy by makeout - deadbeat by between you & me - only by lee hi - floating by raveena - coming home by honne - people by evan wright - love & doubt by dacelynn - knock knock by sam evian - is it light where you are by art school girlfriend - anywhere, anytime by mid memory - higher places by space equator - funny guy by walter sprig - chemicals by early eyes september - city by with confidence - these nights. by sons of leaves - parachute by joh k - iris by tr/st - johnny wants to fight by badflower - ella by two feet - sucker for that love by robin packalen & saay - split personality by hot milk - silhouette by dhat studd cc, dvwn & hojean - intentions by mosaic - no sympathy by jenevieve - mellow eyes by jenevieve - crybaby by jenevieve - thank god you introduced me to your sister by sarah barrios - i'm an idiot by scoobert doobert - in the dark by swae lee & jhene aiko - this is what falling in love feels like by jvke - in the blue by arcane ghosts - deleters by holy fuck - live your life by extreme music - blush by spencer sutherland - one look by spencer sutherland - drive by spencer sutherland - control by sabrina claudio - swan song by saweetie & niki - fire in the sky by anderson .paak - every summertime by niki - never gonna come down by mark tuan & bibi - war with heaven by keshi - affection by fiji blue - feels so good by honne & anna of the nourth - hellow, anxiety by phum viphurit - outside by fiji blue - only when i look into your eyes by fiji blue - hard to say goodbye by johnny stimson - day by day by fiji blue - aphrodite by rini - casual by johnny stimson, jeff bernat & jesse barrera - midsummer madness by rising, joji, rich brian, higher brothers & august - hot tub dream machine by tobi lou - emerald by rini - just like this by loco - smile by johnny stimson - shouldn't be by luke chiang - bonnie & clide by dean - home by luke chiang - your dog loves you by - it takes two by fiji blue - the face by rising, rich brian & higher brothers - adios by hoody & gray - she likes spring, i prefer winter by slchld - dive with you by seori - paragraphs by luke chiang - wrong about forever by jeff bernat - moments in between by mini trees - bad dream by cannons - criminal by koethe - signas by koethe - savior by lee hi - bye by lee hi - h.s.k.t. by lee hi - intentions by lee hi - shivers by ed sheeran - on and on by local nomad - lalisa by lisa - money by lisa - psycho bitch by cami petyn - enter sandman by alessia - woozy by hot milk - underneath my skin by the band camino - ways of love by bahari - icy girl by oceanfromtheblue - ego dream by lomeli - good days by young rising sons - i don't wanna talk by glass animals - simple times by kacey musgraves - lala by alicia keys - everybodydies by the band camino - just a phase by the band camino - song about you by the band camino - wasted time by candid - good ones by chaeli xcx - pado by bibi embed"
45,korean ,"i need a cha cha beat, boy baby let's fall in love i be like you're my dope, i'm so high baby work, girl work like rihanna this a song i wrote just for my baby baby but oh no swagger one and only my baby yeah scuba diving couple tanning girl yeah baby let's fall in love i be like you're my dope, i'm so high baby work, girl work like rihanna this a song i wrote just for my baby just for my baby, just for my baby hit me up baby, on the kakao baby gimme good lovin', we can get down baby get down baby, hey yeah girl, yeah girl, i'll be surfing your waves margarita baby just you and me it's a party just for you champagne stress girl just us two, ooh ooh baby let's fall in love i be like you're my dope, i'm so high baby work, girl work like rihanna this a song i wrote just for my baby yah ooh baby baby now what we waitin' for right now baby let's fall in love i be like you're my dope, i'm so high baby work, girl work like rihanna this a song i wrote just for my baby baby let's fall in love i be like you're my dope, i'm so high baby work, girl work like rihanna this a song i wrote just for my babyembed"
46,korean ,", , , please , can you trust me, can you trust me, can you trust me? , can you trust me, can you trust me? , , , , , , cry cry cry , -, - , , count down , please , can you trust me, can you trust me, can you trust me? , can you trust me, can you trust me? , , , , girl , , trust me, trust me, trust me , , can you trust me, can you trust me? , , , embed"
47,korean ,"she said i'll be okay but i don't want you feeling okay too cliche you ain't a thing cliche dressin up like a kid with that high waist all you want is nothing more but cliche you're nothing more than a cliche cliche you're nothing more than a cliche cliche you're nothing more than a cliche cliche you're nothing more than a cliche so don't even try just give it up we're keep wasting give it up we're keep wasting give it up we're keep wasting our time you just don't worth it so we don't even need to say goodbye all you wants nothing more but cliche you're nothing more than a cliche cliche you're nothing more than a cliche cliche you're nothing more than a cliche cliche you're nothing more than a cliche cliche just give it up we're keep wasting give it up we're keep wasting give it up we're keep wasting our time you just don't worth it so we don't even need to say goodbye just give it up we're keep wasting give it up we're keep wasting give it up we're keep wasting our time you just don't worth it so we don't even need to say goodbye goodbye goodbye goodbye goodbye goodbye goodbye goodbye goodbye goodbye goodbye goodbye we don't even need to say she said i'll be okay but i don't want you feeling okay too yeonghwaeseona bol beophan cliche you ain't a thing neon mworado doeneun geot gati gulgireul neomu johahagin haedo cliche dressin up like a kid with that high waist neoneun malhae ige yeppeun geot gata geogidaga naneun kkok malhaeyahae geurae sseok eoullineun geot gata all you want is nothing more but heunhan cliche yesang ganeunghan mal nan jillin deut hae you're nothing more than a cliche cliche you're nothing more than a cliche cliche you're nothing more than a cliche cliche you're nothing more than a cliche so don't even try just give it up we're keep wasting give it up we're keep wasting give it up we're keep wasting our time you just don't worth it so we don't even need to say goodbye mwo bunwigi jal tago maldo makhim eopsi jalhae ttak bwado talhgo talhassne naneun neoui myeoccbeonjjae gunggeumhagin hajiman manyang gidarijin anha geogiseo geogigessji naega mannassdeon geudeulgwa byeolban dareulge eopseo ije deoisang chajeulge eopseo sisihae mwolhaedo nekkeoda mwodeun eoullyeo neoneun malhae naneun byeonhameopsdago geu mari jinsimigil eoriseokge gyeolguk ijen mitjido anha all you wants nothing more but heunhan cliche yesang ganeunghan mal nan jillindeut you're nothing more than a cliche cliche you're nothing more than a cliche cliche you're nothing more than a cliche cliche you're nothing more than a cliche cliche just give it up we're keep wasting give it up we're keep wasting give it up we're keep wasting our time you just don't worth it so we don't even need to say goodbye tto mannalbeophan inyeon tto gateun marui banbok nan oneuldo neowaui boiji anhneun datume haruga tto gane o uimieopseo ijen hanado o jaemieopseo ireongeosdeul just give it up we're keep wasting give it up we're keep wasting give it up we're keep wasting our time you just don't worth it so we don't even need to say goodbye goodbye goodbye goodbye goodbye goodbye goodbye goodbye goodbye goodbye goodbye goodbye we don't even need to say she said ""i'll be okay but i don't want you feeling okay too"" like a cliche from a movie you ain't a thing acting like you're something i do like you but it's cliche dressin up like a kid with that high waist you say ""i think this is pretty"" then i have to say this ""yea i guess it looks good"" all you want is nothing more but typical cliche predictable words i'm sick of em you're nothing more than a cliche cliche you're nothing more than a cliche cliche so don't even try just give it up we're keep wasting give it up we're keep wasting give it up we're keep wasting our time you just don't worth it so we don't even need to say goodbye you're good at going with the vibe you're good at talking one look and i can tell you've done this i'm girl number what? i'm curious but i won't wait it's all the same you're no different from the other guys i dated nothing else to look for too easy whatever you do, it's yours you look good in anything you say ""i won't change"" foolishly i believed it but now i don't believe it at all all you wants nothing more but typical cliche predictable words i'm sick of em you're nothing more than a cliche cliche you're nothing more than a cliche cliche just give it up we're keep wasting give it up we're keep wasting give it up we're keep wasting our time you just don't worth it so we don't even need to say goodbye someone i'll meet again repetition of the same words again today, the day passes over an argument i can't see it's meaningless now nothing is fun anymore just give it up we're keep wasting give it up we're keep wasting give it up we're keep wasting our time you just don't worth it so we don't even need to say goodbye goodbye goodbye goodbyeembed"
48,korean ,"yeah, i want it, yeah, i need it , ? , you-ooh-ooh-ooh, , you-ooh-ooh -oh-oh, say, yeah, yeah, yeah, yeah, yeah what you do? what you do? got me like got me like love you right baby, what you do? baby , we can go higher , you-ooh-ooh-ooh, , you-ooh-ooh , eh-eh, say yeah, yeah, yeah, yeah, yeah what you do? what you do? got me like got me like love you right baby, what you do? ? baby, you're so beautiful , , woo-ooh-ooh-ooh what you do? what you do? love you right baby, what you do? love you right, let's stay up all night , , yeah-y-yeah-eh embed"
49,korean ,anck su namum lyricshangul obliviate nina ma ta ta uh ? ? what? what do you wanna say bow your head down i'm the queen come and kiss up on my feet shut yo mouth and just follow me follow me uh uh imma show you be warned ? when i was young ay but came from the bottom romanization obliviate nina ma ta ta jyaen seonggyeogi nappa ji malgon da na mollara halgeol ama uh jal dwaeseo ssaengkkaneun geo eo geugeosdo na maja nae mok jolla eodeonaen daedabi eottae mame deureo geuraebwaya nae wien mot ga hagi silheul ttae ijen an haedo dwae museun marinji ara naegen iri anya what what do you wanna say neonedo hae wae ni ippalman apeuge ireul gara nan ppareuge raephaedo neurige raephaedo mworago haneunji da deulliji gasaman ilkdaga sum chaneun geon naega anin neora neoman yagoreuji bow your head down i'm the queen come and kiss up on my feet shut yo mouth and just follow me follow me nae mal han madi tto han madi teujip japgo mulgo neureojyeobwayo aju gandanhi daedaphaejulge jeonbu neohuin uh jalmot jipeosseo ppeonhi boineun uh taedoro nal daehan geol huhoehage doel geoya imma show you be warned ja abadakedabeura geu daeum oechyeojulge repao mwonji ara igeon neol wihan jumuniya irwojyeora jebal beuratata when i was young deo eoril ttaebuteo mudaeui keugineun sanggwaneopsi nan eonjena bureul butyeosseo ay naega mwol jalmoshan geonji ajikdo chajji moshaesseo dabeul but hwaksilhan geon iyu eopsneun jiltawa pokryeokdeuri jigeumui nareul manteulm came from the bottom geurae geurae mitbadakbuteo yeogikkaji heoturu eodeonaen geon hanado eopsji dwineujge saenggin ssagajido machangaji iljjik kkaedarassji mwo juingongeun dwaessgo naneun agyeogina hallae yokbadi haji mwo naega hago sipeun daero salgo ssaengkkago mallaeembed
50,korean ,"baby, i'm pretty young and wild and so fine you are taller than i am ? ? baby , ! ! my baby oh ? baby , ! ! my baby oh cue! my baby oh embed"
51,korean ,"all this is no coincidence just, just, by my feeling the whole world is different from yesterday just, just, with your joy when you called me i became your flower as if we were waiting we bloom until we ache maybe it's the providence of the universe it just had to be that you know, i know you are me, i am you as much as my heart flutters, i'm worried the destiny is jealous of us just like you i'm so scared when you see me, when you touch me the universe has moved for us without missing a single thing our happiness was meant to be 'cause you love me, and i love you you're my penicillin, saving me, saving me my angel, my world i'm your calico cat, here to see you love me now, touch me now just let me love you just let me love you since the creation of the universe everything was destined just let me love you just let me love you let me love, let me love you let me love, let me love youembed"
52,korean ,"dna take it, take it , love , baby i want it, this love , i-i want it, real love , dna i love us true lovers , love , baby , baby , , , , love , baby , dna la-la-la-la-la, la-la-la-la-la , dna la-la-la-la-la, la-la-la-la-la , dnaembed"
53,korean ,"? ? but you, ooh-ooh cruel, ooh-ooh illegal, ille-e-e-e-e-e-e-gal oh, yes so, i call you illegirl, ille-e-e-e-e-e-e-girl illegal, ille-e-e-e-e-e-e-gal ? 'cause you, ooh-ooh illegal, ille-e-e-e-e-e-e-gal oh, yes so, i call you illegirl, ille-e-e-e-e-e-e-girl illegal, ille-e-e-e-e-e-e-gal but i love it anyway, anyway, anyway oh, baby, no, hey oh, baby, no, hey illegal, ille-e-e-e-e-e-e-gal oh, yes so, i call you illegirl, ille-e-e-e-e-e-e-girl illegal, ille-e-e-e-e-e-e-gal but i love it anyway, anyway, anyway ille~gal ille~gal but i want it anyway anyway anywayembed"
54,korean ,"yeah, i don't care, world business class mic, mic bungee mic, mic bungee, bright light i'm fine, sorry , billboard, , worldwide i do it, i do it , sue it did you see my bag? did you see my bag? how you think 'bout that? how you think 'bout that? hater i'm so firin', firin' how you dare? how you dare? how you dare? heavy mic drop, mic drop , lodi dodi, busy mic drop, mic drop , ah once upon a time, fly yeah, i'm on the mountain, yeah, i'm on the bay , mic drop, bam did you see my bag? did you see my bag? how you think 'bout that? how you think 'bout that? hater i'm so firin', firin' how you dare? how you dare? how you dare? heavy mic drop, mic drop , lodi dodi, busy mic drop, mic drop haters gon' hate players gon' play live a life, man good luck , , , , , , yeahembed"
