,name,lyrics
0,Country,"he gets up before the dawn packs a lunch and a thermos full of coffee it's another day in the dusty haze those burnin' rays are wearin' down his body the diesel's worth the price of gold it's the cheapest grain he's ever sold but he's still holdin' on he just takes the tractor another round and pulls the plow across the ground and sends up another prayer he says, lord, i never complain, i never ask 'why?' please don't let my dreams run dry underneath, underneath this amarillo sky that hail storm back in ' sure did take a toll on his family but he stayed strong and carried on just like his dad and granddad did before him on his knees every night he prays, please let my crops and children grow 'cause that's all he's ever known he just takes the tractor another round and pulls the plow across the ground and sends up another prayer he says, lord, i never complain, i never ask 'why?' please don't let my dreams run dry underneath, underneath this amarillo sky and he takes the tractor another round. another round , another round and he takes the tractor another round, another round he says, i never complain, i never ask 'why?' please don't let my dreams run dry underneath, underneath this amarillo sky underneath this amarillo skyembed"
1,Country,"a full moon shining bright edge of the water; we were feeling alright back down a country road the girls are always hot, and the beer is ice cold cadillac, horns on the hood my buddy frankie had his dad hook him up good girls smile when we roll by they hop in the back, and we cruise to the river side never gonna grow up never gonna slow down we were shinin' like lighters in the dark in the middle of a rock show we were doin' it right we were comin' alive yeah, caught up in a southern summer, a barefoot, blue jean night blue eyes and auburn hair sittin' lookin' pretty by the fire in a lawn chair new to town, and new to me her ruby red lips was sippin' on sweet tea shot me in love like a shootin' star so, i grabbed a beer and my ol' guitar then we sat around till the break of dawn howlin' and singin' our favorite song never gonna grow up never gonna slow down we were shinin' like lighters in the dark in the middle of a rock show we were doin' it right we were comin' alive yeah, caught up in a southern summer, a barefoot, blue jean night never gonna grow up never gonna slow down we were shinin' like lighters in the dark in the middle of a rock show we were doin' it right we were comin' alive yeah, caught up in a southern summer, a barefoot, blue jean night barefoot, blue jean night a barefoot, blue jean night barefoot, blue jean night a barefoot, blue jean night it's a barefoot, blue jean night a barefoot, blue jean nightembed"
2,Country,"if your dream house is a double-wide trailer sitting back in the holler on a country road then baby, that's where we'll go if you don't wanna settle down we can bounce around from town to town and that's fine with me if you wanna just ride the breeze i'll go anywhere west virginia, baby i don't care mexico on a wild hair have you ever seen california pick a spot on any old map i travel light and my bags are packed just as long as i'm where you're at i'm gonna have a real good view i'll go anywhere, anywhere with you i'll bet there's a two lane running right through the middle of a wide open desert to a ghost town if you wanna just hide out we could send a postcard back from a mountain top out in idaho maybe get snowed in anytime baby you say when i'll go anywhere west virginia, baby i don't care mexico on a wild hair have you ever seen california pick a spot on any old map i travel light and my bags are packed just as long as i'm where you're at i'm gonna have a real good view i'll go anywhere, anywhere with you i'll go anywhere west virginia, baby i don't care mexico on a wild hair have you ever seen california pick a spot on any old map i travel light and my bags are packed just as long as i'm where you're at i'm gonna have a real good view i'll go anywhere, anywhere with you girl, i'll swear just say the word i'll take you there aww anywhere, anywhere with you yeah i'll go anywhere with youembed"
3,Country,"keepin' it country lyricsgeorgia backroad honeysuckle southwest texas big belt buckle west virginia homemade whiskey send it on up to st. paul city float it back down the mississippi doesn't matter where you are it's the same old stripes the same old stars the same old highways cuttin' across the same old moon turnin' on and off canned up chevy at a traffic light with a pretty girl on a saturday night and willie nelson singin' on the road again lookin' around it's good to see everybody out there keepin' it country broadway, nashville, pedalsteal l.a. lights on wheels ride that sun across the sky from jackson hole to telluride and get a little rocky mountain high doesn't matter where you are it's the same old stripes the same old stars the same old highways cuttin' across the same old moon turnin' on and off cammed up chevy at a traffic light with a pretty girl on a saturday night and willie nelson singin' on the road again lookin' around it's good to see everybody out there keepin' it country from muscle shows to santa rose from bakersfield to tullahoma from baton rouge up to buffalo anywhere that you might call home doesn't matter where you are it's the same old stripes the same old stars the same old highways cuttin' across the same old moon turnin' on and off cammed up chevy at a traffic light with a pretty girl on a saturday night and willie nelson singin' on the road again lookin' around it's good to see everybody out there keepin' it country everybody out there keepin' it country thank god y'all are keepin' it country keepin' it country keepin' it countryembed"
4,Country,"she rolled in my little sandy town she spent the summer there a couple houses down well it was magic in the air when she caught my eye we shared three short months and one long goodbye she was the one that got away the one that wrecked my heart i should've never let her go i should've begged her to stay she was the one that got away yeah, the one that got away well she kissed my lips down on ocean drive she set my world on fire on the fourth of july we wrote our names in the sand under the star-soaked sky but it washed away like she did with the rising tide she was the one that got away the one that wrecked my heart i should've never let her go i should've begged her to stay she was the one that got away yeah, the one that got away every summer that rolls around i'm looking over my shoulder wishing i could see her face wishing i could hold her she was the one that got away the one that wrecked my heart i should've never let her go i should've begged her to stay she was the one that got away yeah, the one that got away yeah, she was the one that got away the one that wrecked my heart i should've never let her go i should've begged her to stay she was the one that got away she was the one that got away she rolled in my little sandy town she spent the summer there a couple houses downembed"
5,Country,my first rifle was a that papa gave daddy and daddy gave to me and they taught me how to shoot with a steady hand i guess that's something you don't understand now i grew up on a prison farm sneakin' pulls of shine from a mason jar used to go fishin' out pickle creek dam but i guess that's somethin' you don't understand and grandma's in the kitchen papa's done passed on we sit out on the front porch just a pickin' on a song and there's blood on the table 'cause we work for what we have and i was raised in this land i guess that's somethin' you don't understand i still fly that southern flag whistlin' dixie loud enough to brag and i know all the words to simple man i guess that's somethin' you don't understand i pledge my allegiance the original way say merry christmas not happy holidays i can't change my ways i know who i am i guess that's somethin' you don't understand grandma's in the kitchen papa's done passed on we sit out on the front porch just a pickin' on a song and there's blood on the table 'cause we work for what we have and i was raised in this land i guess that's somethin' you don't understand they'll grind us up in a big machine they'll feed us all on the same beliefs for the dollar and a credit card but we got a way of doin' things and no banker's gonna steal from me they wanna tear it all apart grandma's in the kitchen and papa's done passed on we sit out on the front porch just a pickin' on a song and there's a bible on the table 'cause he bled for what we have and that's the ballad of a southern man i guess that's somethin' you don't understand my first rifle was a papa gave daddy and daddy gave to meembed
6,Country,"bar, guitar and a honky tonk crowd lyricsend post floatin' on a southbound breeze somewhere between heaven and tall pine trees heartland i'm missin' you guitar playin' through the night it felt pretty good yeah i'm feelin' alright as good as one for the price of two its been along time gone since the truths been told and i've seen my home hey curtis loew come on save my soul with a bar, guitar and a honky tonk crowd buy me a ticket lord put me on a train don't matter how i go i'll even walk through the rain southland i'm missin' you well the sky is high and the moon is low i found some country tunes playin' on the radio and i know that i'm there, lord i know i'm there its been a long time gone since the truths been told and i've seen my home hey curtis loew come on save my soul with a bar, guitar and a honky tonk crowd its been a long time gone since the truths been told and i've seen my home hey curtis loew come on save my soul with a bar, guitar and a honky tonk crowd with a bar, guitar and a honky tonk crowdembed"
7,Country,"i remember back when i was sixteen i was sittin' around pickin' just my pops and me when his friend walked up in a cowboy hat said i like what your doin' but it ain't where it's at i see this road will leave you cold and alone old and broke and just a bag of bones so you better take heed to the words i say and stay quite clear of that lost highway oh southern wind, won't you take me high? i got seven ladies dancin' naked 'round an old camp fire guitars pickin' with a bottle of wine i'll be an old broke guitar picker, lord, when i die holes in my clothes, i got holes in my shoes i got a hole in my heart, that's why i'm singin' the blues i put some change in my pocket but it's all gone and everything that i do, it seems to be wrong so now i'm broke, i'm back on the street with a guitar case in front of tate and me so you better listen up 'cause it ain't no lie please throw a nickel in when you walk by oh southern wind, won't you take me high? it's hard to keep rollin' when all you got is flat tires guitars pickin' with a bottle of wine i'll be an old broke guitar picker, lord, when i die i came in this world with nothin' on my back now i'll leave the same way and that's a fact ain't in it for the money, ain't in it for the fame i don't really care if you remember my name so now i got to go, i got to hit the road i got to do the only thing that i know i got this feelin' deep down and i got to be true and i sure as hell ain't gonna change for you oh southern wind, won't you take me high? when i hear the sounds comin' from an amplifier guitars pickin' with a bottle of wine i'll be an old, a broke guitar pickerembed"
8,Country,"same old song on the radio tonight one about wine and roses and candlelight but i'm gettin' all from you with every town that i play maybe this distance is more than we can take somewhere in east texas you're out alone but i can't dry tears on the telephone but i'm comin' back to you i swear i'll make it right i'm makin' my way back home on a red-eye midnight flight ooh baby here i'm comin' home 'cause i can't love you on the telephone ooh darlin i swear i'll make it right no more lonely east texas nights no more lonely east texas nights two, three, four! ooh baby here i'm comin' home 'cause i can't love you on the telephone ooh darlin i swear i'll make it right no more lonely east texas nights no more lonely east texas nights ooh baby here i'm comin' home 'cause i can't love you on the telephone ooh darlin i swear i'll make it right no more lonely east texas nights no more lonely east texas nightsembed"
9,Country,"earthquakes and hurricanes and slow moving freight trains girl that's how you make me feel sometimes but you were gone away from here so far my dear up by that northern state line virginia lie in all my broken dreams you pick me up and you sure make me smile virginia and i would give anything to come dance around my memory for awhile off in the moonlight sweet southern moonlight a billion stars bare feet in the sand i'm counting down the summer days smiling at our reckless ways you was my girl and i was your man virginia lie in all my broken dreams you pick me up and you sure make me smile virginia and i would give anything to come dance around my memory for awhile that's the way the story goes of broken hearts and sad souls you left me here not saying goodbye said you headed with your paw north arkansas but that was back before, virginia lie in all my broken dreams you pick me up and you sure make me smile virginia and i would give anything to come dance around my memory for awhileembed"
10,Country,anna marie lyricsi got a girl named anna marie she chews levi garrett by a sycamore tree and the way she acts don't nobody know but i sure do love it when she crinkles her nose woo hoo anna marie woo hoo that's anna marie woo hoo anna marie she shows up to church about a quarter till with bible in her hand and a flask in her shoe says she come from the great unknown twisted twelve ways from sunday when she gets stoned a penny for a nickel and nickel for a dime a dime for quarter it makes her feel fine it takes an apple a day to keep the doctor away it takes a whole lot less to make my baby stay a penny for a nickel and nickel for a dime a dime for quarter it makes her feel fine it takes an apple a day to keep the doctor away it takes a whole lot less to make my baby stayembed
11,Country,"souls of the departed lyricson the road to basra stood young lieutenant jimmy bly detailed to go through the clothes of the soldiers who died well, at night he dreams he sees their souls rise like dark geese into the oklahoma sky this is a prayer for the souls of the departed those who've gone, left their babies brokenhearted this is a prayer for the souls of the departed raphael rodriguez was just seven years old shot down in a schoolyard by some east compton cholo his mamma cries, my beautiful boy is dead in the hills the self-made men just sigh and shake their heads this is a prayer for the souls of the departed those who've gone, left their babies brokenhearted young lives over before they got started this is a prayer for the souls of the departed well, tonight as i tuck my own son in bed all i can think of is what if it would've been him instead want to build a wall so high nothing can burn it down right here on my own piece of dirty ground well, i ply my trade in the land of king dollar where you get paid and your silence passes as honor where all the hatred and dirty little lies well, they're written off the books and into decent men's eyesembed"
12,Country,"i was gonna keep it real like chill like only have a drink or two but it turned into a party when i started talking to you now you're standing in the neon looking like a high i wanna be on baby it's your call, no pressure at all you don't have to throw back your pretty pink lemonade shooter and lean a little closer you don't have to keep on smiling that smile that's driving me wild and when the night is almost over meet me in the middle of a moonlit chevy bench seat and do a little bit of country song, hanging on you don't have to keep me fallin' like this but it'd sure be cool if you did you can't shoot me down cause you already knocked me dead got me falling apart with my heart talking out of my head let your mind take a little back road just as far as you wanna go baby i'll do whatever you wanna do you don't have to throw back your pretty pink lemonade shooter and lean a little closer you don't have to keep on smiling that smile that's driving me wild and when the night is almost over meet me in the middle of a moonlit chevy bench seat and do a little bit of country song, hanging on you don't have to keep me falling like this but it'd sure be cool if you did have a night that you'll never forget and now you're standing in the neon looking like a high i wanna be on you don't have to throw back your pretty pink lemonade shooter and lean a little closer you don't have to keep on smiling that smile that's driving me wild and when the night is almost over meet me in the middle of a moonlit chevy bench seat and do a little bit of country song, hanging on you don't have to keep me falling like this but it'd sure be cool if you didembed"
13,Country,"yea, hollywood boulevard looking down, seeing stars , rodeo is rodeo glad i hit it, glad i did it and i'd do it again yea, and hang with my friends with them red maserati's and them tuned up bodies and everybody going to be the next somebody yea, this place is a trip hey but meanwhile back in the sticks somebody's having a small town big time night somebody's rocking the main street with red tail lights somebody's cranking it up or falling in love or keeping the buzz sipping on a little moonlight yea, they know how to rock out in the boondocks cause believe me i've been there somebody's having a small town big time night, somewhere yea, two lane town squares cotton queens, county fairs with a water tank got girls' names under the paint glad i hit it, glad i did it and i'd do it again yea, i miss my friends with them pick them up trucks and them dirt road ruts and all them country girls get to strutting their stuff east, west, north or south yea you better believe that right about now somebody's having a small town big time night somebody's rocking the main street with red tail lights somebody's cranking it up or falling in love or lighting it up with a kc spotlight yea, they all got the swerve down back in their hometown i wish that i was there somebody's having a small town big time night, somewhere somebody's having a small town big time night somebody's rocking the main street with red tail lights somebody's cranking it up or falling in love and twisting it up and dodging them blue lights yea, they know how to kick it way out past the limits cause baby i've been there somebody's having a small town big time night, somewhere yea, somebody's having a small town big time night, somewhere i wish that i was there yea, i wish that i was thereembed"
14,Country,"what's your all-time high, your good as it gets? your hands down best ever make-up sex? what's your guilty pleasure, your old go to? well if you asked me, mine would be you what's your worst hangover, your best night yet? your proof, your marlboro red? the best damn thing you lucked into that's easy girl, mine would be you mine would be you sun keeps shinin', back road flyin' singin' like crazy fools makin' up our own words, laughin' 'til it hurts baby, if i had to choose my best day ever, my finest hour my wildest dream come true mine would be you what's your double dare, your go all in? the craziest thing you ever did? plain as your name in this tattoo look on my arm, mine would be you mine would be you sun keeps shinin', back road flyin' singin' like crazy fools makin' up our own words, laughin' 'til it hurts baby, if i had to choose my best day ever, my finest hour my wildest dream come true mine would be you what's the greatest chapter in your book? are there pages where it hurts to look? what's the one regret you can't work through? you got it baby, mine would be you yeah, you got it baby, mine would be you mine would be you taillights fadin', daylight breakin' standing there like a fool when i should've been runnin', yellin' out somethin' to make you want to hold on to the best love ever, girl, can you tell me the one thing you'd rather die than lose? 'cause mine would be you mine would be...youembed"
15,Country,"it sits above the mantle on a couple rusty nails and it's worth a bunch of money but it damn sure aren't for sale the good lord only knows all the stories it could tell granddaddy's gun he bought it new out of a sears & roebuck catalog and it shot a many shell over the top of an old bird dog and it backed a burglar down when grandma took the safety off granddaddy's gun it's just a double barrel the stock is cracked and it kicks like hell it wouldn't mean what it means to me to no one i can hear his voice when i put it to my shoulder a gun's like a woman, son it's all how you hold her he taught me a whole lot more than how to hunt and one of these days i'll pass it on to my son granddaddy's gun he handed it to me on the day i turned with a half-shot box of shells and a kit to keep it clean i keep a picture in the case of that sweet old man and me with granddaddy's gun there's a long beard living on the living room wall that i got with a box call and granddaddy's gun there's a shot up stop sign on that me and billy joe took out one night with granddaddy's gun granddaddy's gun it sits above the mantle on a couple rusty nails and it's worth a bunch of money but it damn sure aren't for saleembed"
16,Country,"you know i like my chicken fried cold beer on a friday night a pair of jeans that fit just right and the radio up well i was raised up beneath the shade of a georgia pine and that's home you know sweet tea, pecan pie, and homemade wine where the peaches grow and my house it's not much to talk about but it's filled with love that's grown in southern ground and a little bit of chicken fried cold beer on a friday night a pair of jeans that fit just right and the radio up well i've seen the sun rise see the love in my woman's eyes feel the touch of a precious child and know a mother's love it's funny how it's the little things in life that mean the most not where you live, what you drive, or the price tag on your clothes there's no dollar sign on a piece of mind this i've come to know so if you agree, have a drink with me raise your glasses for a toast to a little bit of chicken fried cold beer on a friday night a pair of jeans that fit just right and the radio up well i've seen the sun rise see the love in my woman's eyes feel the touch of a precious child and know a mother's love i thank god for my life and for the stars and stripes may freedom forever fly, let it ring salute the ones who died the ones that give their lives so we don't have to sacrifice all the things we love like our chicken fried and cold beer on a friday night a pair of jeans that fit just right and the radio up well i've seen the sun rise see the love in my woman's eyes feel the touch of a precious child and know a mother's love get your little chicken fried cold beer on a friday night a pair of jeans that fit just right and the radio up well i've done seen the sun rise see the love in my woman's eyes feel the touch of a precious child and know a mother's loveembed"
17,Country,"he's a twenty-years-straight-get-to-work-on-time he's a love-one-woman-for-all-his-life he's a shirt-off-his-back, give-you-his-last-dime he's strong he's a need-to-move-somethin'?-you-can-use-my-truck he's an overtime worker when the bills pile up everybody knows he ain't just tough he's strong, strong he'll pick you up and won't let you down rock solid inside out somebody you can trust steady as the sun ain't nothin' gonna knock him off the road he's rollin on he's strong it ain't what he can carry or what he can lift it's a dirt road lesson talkin' to his kids 'bout how to hold your ground and how to live strong he's strong he'll pick you up and won't let you down rock solid inside out somebody you can trust steady as the sun ain't nothin' gonna knock him off the road he's rollin on he's strong strong like the river rollin' strong gonna keep on goin' strong when the road runs out they gonna keep on talkin' about how he was strong strong he'll pick you up and won't let you down rock solid inside out somebody you can trust steady as the sun ain't nothin' gonna knock him off the road he's rollin on he's strong everybody knows he ain't just tough he's strongembed"
18,Country,"kick it in the sticks lyricsha ha welcome to the home of the hillbilly yeah, baby it's a land of barbed wire and moonshine whiskey park your car before you get it stuck go on, grab you a beer and get on up in the truck it's going down tonight it's all on me it's byob and i got all we need yeah, boy, i'm 'bout to show me a city slicker how to kick it in the sticks with the critters down on our side of the barbed wire money grows in rows if it don't you're going broke so we we hang out by the bonfire just some good all boys having a dang good time we crank it up we get loud throwing down in the dirty, dirty south be an all nighter with the hippies and the hicks jocks and bikers, they all came to kick it in the sticks so pop a top and drop a tailgate yeah, we're cranking up ac/dc, hank, skynyrd, and george strait where's the girls? 'bout to call 'em up a little southern drawl said, hey trouble what's up? it's going down tonight now they're pulling up we got the jacked up trucks slap covered in mud bikini tops and daisy duke denim hopping out singing 'outlaw women' down on our side of the barbed wire money grows in rows if it don't you're going broke so we we hang out by the bonfire just some good all boys having a dang good time we crank it up we get loud throwing down in the dirty, dirty south be an all nighter with the hippies and the hicks jocks and bikers, they all came to kick it in the sticks hey, boy, hit this mason jar one time burned you a little bit, didn't it? ever been snipe hunting? come on we'll do a little frog gigging, cow tipping how 'bout a little skinny dipping, bass fishing take it easy on the 'shine and stay away from other boys' women that's one damn good way for a man to get it whooped down these boys are tough down here get your ass tore up down here and be an all nighter with the hippies and the hicks jocks and bikers, they all came our side of the barbed wire money grows in rows if it don't you're going broke so we we hang out by the bonfire just some good all boys having a dang good time we crank it up we get loud throwing down in the dirty, dirty south be an all nighter with the hippies and the hicks jocks and bikers, they all came to kick it in the sticksembed"
19,Country,"hammerin' a nail, stackin' them bales i'm dog tired by the o'clock hour but i'm ready to raise some hell and jesse's gettin' ready, i'm gassin' up the chevy i'm gonna pick her up at six i hope she's gonna wear the jeans with the tear that her mama never fixed the moon comes up and the sun goes down we find a little spot on the edge of town twist off, sip a little, pass it around dance in the dust, turn the radio up and that fireball whiskey whispers temptation in my ear it's a feelin' alright saturday night and that's how we do it 'round here yeah, that's how we do it 'round here mud on the grips, wild cherry on her lips i've been workin' and tryin' and flirtin' and dyin' for an all night kinda kiss and country on the boombox, candles on the tool box i'm doin' everything right, got the country boy charm turned all the way on tonight yeah, the moon comes up and the sun goes down we find a little spot on the edge of town twist off, sip a little, pass it around dance in the dust, turn the radio up and that fireball whiskey whispers temptation in my ear it's a feelin' alright, saturday night and that's how we do it 'round here yeah, that's how we do it 'round here yeah, the moon comes up and the sun goes down we find a little spot on the edge of town twist off, sip a little, pass it around dance in the dust, turn the radio up and that fireball whiskey whispers temptation in my ear it's a feelin' alright, saturday night and that's how we do it 'round here yeah, that's how we do it 'round here yeah, that's how we do it round here yeah, that's how we do it round hereembed"
