,name,lyrics
0,CR,"you call us out from the depths into your freedom our chains are gone no weapon formed shall prevail your word is stronger we overcome your glory resounds through the age all saint declaring your great renown your kingdom forever will stand we won't be shaken we will not fear our god, almighty warrior you're a consuming fire in victory you reign we triumph in your name jesus, the great commander you conquered death forever in victory you reign we triumph in your name your glory resounds through the age all saint declaring your great renown your kingdom forever will stand we won't be shaken we will not fear our god, almighty warrior you're a consuming fire in victory you reign we triumph in your name jesus, the great commander you conquered death forever in victory you reign we triumph in your name and we declare your name is power exalted one, no name is higher you stand alone, our strong defender above you there's no other, above you there's no other and we declare your name is power exalted one, no name is higher you stand alone, our strong defender above you there's no other, above you there's no other above you there's no other, above you there's no other our god, almighty warrior you're a consuming fire in victory you reign we triumph in your name jesus, the great commander you conquered death forever in victory you reign we triumph in your name our god, almighty warrior you're a consuming fire in victory you reign we triumph in your name jesus, the great commander you conquered death forever in victory you reign we triumph in your nameembed"
1,CR,"the lord our god lyricspromise maker, promise keeper you finish what you begin our provision through the desert you see it through 'til the end you see it through 'til the end the lord our god is ever faithful never changing through the ages from this darkness you will lead us and forever we will say you're the lord our god in the silence, in the waiting still we can know you are good all your plans are for your glory yes, we can know you are good yes, we can know you are good we won't move without you we won't move without you you're the light of all and all that we need we won't move without you we won't move without you you're the light of all and all that we needembed"
2,CR,"oh, i've heard a thousand stories of what they think you're like but i've heard the tender whisper of love in the dead of night and you tell me that you're pleased and that i'm never alone you're a good, good father it's who you are it's who you are it's who you are and i'm loved by you it's who i am it's who i am it's who i am oh, i've seen many searching for answers far and wide but i know we're all searching for answers only you provide cause you know just what we need before we say a word it's who you are it's who you are it's who you are and i'm loved by you it's who i am it's who i am it's who i am cause you are perfect in all of your ways you are perfect in all of your ways you are perfect in all of your ways to us, aah you are perfect in all of your ways oh, you're perfect in all of your ways you are perfect in all of your ways to us oh, it's love so undeniable i, i can hardly speak peace so unexplainable i, i can hardly think as you call me deeper still as you call me deeper still as you call me deeper still into love, love, love you're a good, good father it's who you are it's who you are it's who you are and i'm loved by you it's who i am it's who i am it's who i am you're a good, good father it's who you are it's who you are it's who you are and i'm loved by you it's who i am it's who i am it's who i am you're a good, good father it's who you are it's who you are it's who you are and i'm loved by you it's who i am it's who i am it's who i am you're a good, good father you are perfect in all of your ways it's who you are it's who you are it's who you are and i'm loved by you you are perfect in all of your ways it's who i am it's who i am it's who i amembed"
3,CR,"you give life, you are love you bring light to the darkness you give hope, you restore every heart that is broken great are you, lord it's your breath in our lungs so we pour out our praise we pour out our praise it's your breath in our lungs so we pour out our praise to you only you give life, you are love you bring light to the darkness you give hope, you restore every heart that is broken great are you, lord it's your breath in our lungs so we pour out our praise we pour out our praise it's your breath in our lungs so we pour out our praise to you only it's your breath in our lungs so we pour out our praise we pour out our praise it's your breath in our lungs so we pour out our praise to you only all the earth will shout your praise our hearts will cry, these bones will sing great are you, lord all the earth will shout your praise our hearts will cry, these bones will sing great are you, lord all the earth will shout your praise our hearts will cry, these bones will sing great are you, lord it's your breath in our lungs so we pour out our praise we pour out our praise it's your breath in our lungs so we pour out our praise to you only it's your breath in our lungs so we pour out our praise we pour out our praise it's your breath in our lungs so we pour out our praise to you only great are you lordembed"
4,CR,"before i call, before i ever cry you answer me from where the thunder hides i can't outrun, this heart i'm tethered to with every step, i collide with you like a tidal wave crashing over me rushing in to meet me here your love is fierce! like a hurricane that i can't escape tearing through the atmosphere your love is fierce! you cannot fail, the only thing i've found is through it all, you never let me down you don't hold back, relentless in pursuit at every turn, i come face to face with you like a tidal wave crashing over me rushing in to meet me here your love is fierce! like a hurricane that i can't escape tearing through the atmosphere your love is fierce! you chase me down, you seek me out how could i be lost when you have called me found? you chase me down, you seek me out how could i be lost when you have called me found? you chase me down, you seek me out how could i be lost when you have called me found? like a tidal wave crashing over me rushing in to meet me here your love is fierce! like a hurricane that i can't escape tearing through the atmosphere his love is fierce! your love is fierce you never let go your love is fierce! even now you surround me your love is fierce always, always his love is fierce! come on , lift great is your love great is your love great is your love that never fails it never failsembed"
