,name,lyrics
0,chill,"baby girl, i been on my own baby girl, i been on my own for too long see i wasted all my time trying not to find you oh baby, i was blind but fuck what is behind you sometimes, sometimes, sometimes, we take it easy sometimes, sometimes, sometimes, we make it easy wait, for me on the other side i'll be there for you, i won't let this slide i was lying in a field, when i, realized i love---loved you but how hard it is to say goodbye even though i'll see you soon just, hold me and close your eyes this doesn't mean forever, don't let it mean, don't let it mean sometimes, sometimes, sometimes, we take it easy sometimes, sometimes, sometimes, we make it easyembed"
1,chill,"aye mrs. hubert you think that they should hang with us can't feel my music we used to dance so thelonious monk from my monastery carried my bags out the door lit that shit with a bic hit a j threw the ash with the cash in a knapsack used to love me i used to love you we had the funk we had the funk but d-d-did you love me like i loved you wonder if you'll dismiss me maybe light-skin aunt viv me decadent executive make sure no nigga never miss me no, once i go into the darkness his darkest darkness wonder if you'll dismiss me maybe light-skin aunt viv me decadent executive make sure no nigga never miss me no, once i go into the darkness his darkest darkness hey listen janet cool if i call you janet? been hanging on this branch in a canopy out in canada mans just mangled my manager text say i'm boutta, vanish what we doing this weekend was thinking it's time to dance, dance used to love me i used to love you we had the funk we had the funk but d-d-did you love me like i loved you wonder if you'll dismiss me maybe light-skin aunt viv me decadent executive make sure no nigga never miss me no, once i go into the darkness his darkest darkness wonder if you'll dismiss me maybe light-skin aunt viv me decadent executive make sure no nigga never miss me no, once i go into the darkness his darkest darkness said i wonder said i wonder said i wonder said i wonder why i want love i just want love said i wonder said i wonder said i wonder why i want love i just want love said i wonder said i wonder said i wonder i just want loveembed"
2,chill,"look at me with those eyes make me feel so alive stay with me till i die cause baby girl when you ride so slow with me like you could roll with me you love like four women yeah you a pro with me you on the low with it you rep the whole city you say you won't miss me but i will oh, oh look, i get the message tripping, but you be so calm and collected i'm fully invested don't need an exit wait, pull up in the lexus diamonds cover your necklace lookin' sweet like a but you ain't from texas i got a confession, this an obsession your body infectious but you ain't pretentious you taught me these lessons you left an impression on me maybe i could be someone you could hold baby girl, it's me your body feel like gold oh you got me lifted so conflicted you got me twisted oh, i'm addicted so baby you can ride with a brother like me never gonna find a lover like me oh you on my mind i been on my grind don't wanna be alone maybe i could be something you could hold baby girl, it's me your body feels like gold embed"
3,chill,"four in the morning, liquor pouring you know that shit cool with me high than whatever, pop whatever it's gon' be what it's gon' be? as long as you're here, as long as your down roll it up in your lap, put it in your mouth i think it's time to lock it up, lock it up i think it's time to lock it up, lock it up woooo leave it all behind hope that i still linger in your mind girl you left them marks up on my spine yeah i think it's time i'm your territory, you're my diamond shine when the going get rough, you go and get tough put it on that line for me picking my fights for me then we go to battle in that saddle do it like ooh nah nah nah you tell your friends that he don't look like trey but i give that thing so good, you gotta stay for it exhale, blow that smoke in the sky that stand that we take is for life i don't care about what you're saying, stop the playing cause you know i'm not the one for games don't hide your intentions, don't be scared to mention that you want to hear me scream your name i can take you high, i can take you low i can speed it up, i can take it real slow i just wanna lock it up, lock it up baby i'm just trying to lock it up, lock it up nah, nah, nah, hey and i'm saying this one last time and i promise this is the last time, nah i'm not into rushing shit but can we move faster, nah with some of that uh, uh with some of that nah, nah that good, good, that thug love and my past baby, fuck it, it's whatever not into moving on and looking back, it just ain't clever nowadays i learned to never ever say i never cause i didn't think i'd ever move on something better so i locked up and i threw away the key never want to relieve those painful memories just want to forget him while you all up under me promise to keep doing those things and make me weak embed"
4,chill,"you don't love me anymore let's see how you like this song see you walking out that door wonder why it took you so long ever since the day that i met you i knew you were the girl of my dreams but we could never be you don't love me anymore let's see how you like this song we find love, we get up then we fall down, we give up we find love, we get up then we fall down, we give up you don't love me anymore let's see how you like this song you need someone you adore find a place where you might belong ever since the day that i met you my world's been spinnin' out of control i just need you to hold we knew it'd come around this thing called love comes crashing down, ahh pieces all on the ground what once was lost cannot be found, ahh we knew it'd come around this thing called love comes crashing down, ahh pieces all on the ground what once was lost cannot be found, ahh we knew it'd come around this thing called love comes crashing down, ahh pieces all on the ground what once was lost cannot be found, ahh heaven help us, heaven help us, yeah we're on our own we find love, we get up then we fall down, we give up we find love, we get up then we fall down, we give up we find love, we get up then we fall down, we give up we find love, yeah, we get up we fall down, we give upembed"
5,chill,cold hands and beer cans that's how we used to chill you took the dodge from your mom and parked it up the hill you said i can't wait forever you said i can't wait forever verse from a radio feet above the wheel leaning back in the backseat it's like the world was still you said i can't wait forever you said i can't wait forever i remember the windows were fogging and we were nodding off 'cause we both were drunk i had my hands in your pockets and a cop came and he woke us up softly i think of that often do you remember that letter i sent you that winter when we were seventeen? sayin' that i wish we'd get married and we could pack our bags and run away from all our problems i think of that often i'm wishin' i could find you i'm wishin' i could tell you something i think of you often i'm wishin' i could find you i'm wishin' i could tell you something i think of you often i remember the windows were fogging and we were nodding off 'cause we both were drunk i had my hands in your pockets and a cop came and he woke us up softly i think of that oftenembed
6,chill,face to face eye to eye feel the same you and i still i wish i could rewind setyoursails float away wish icould stay so give you space buti wish i could rewind baby but i wish i could rewind baby see i've been running away running away running away see i've been running away running away running away lost track of time drift away there's nothing left worth keeping pace still i wish i could rewind face to heart you want to know tear down your walls to make it sure but i wish i could rewind baby but i wish i could rewind baby see i've been running away running away running away see i've been running away running away running away see i've been running away running away running away see i've been running away running away running away see i've been running away see i've been running away see i've been running away see i've been running away see i've been running away see i've been running awayembed
