,name,lyrics
0,sleep,"there was a time when i was alone nowhere to go and no place to call home my only friend was the man in the moon and even sometimes he would go away too then one night, as i closed my eyes i saw a shadow flying high he came to me with the sweetest smile told me he wanted to talk for a while he said, peter pan, that's what they call me i promise that you'll never be lonely and ever since that day i am a lost boy from neverland usually hanging out with peter pan and when we're bored we play in the woods always on the run from captain hook run, run lost boy, they say to me away from all of reality neverland is home to lost boys like me and lost boys like me are free neverland is home to lost boys like me and lost boys like me are free he sprinkled me in pixie dust and told me to believe believe in him and believe in me together we will fly away in a cloud of green to your beautiful destiny as we soared above the town that never loved me i realized i finally had a family soon enough we reached neverland peacefully my feet hit the sand and ever since that day... i am a lost boy from neverland usually hanging out with peter pan and when we're bored we play in the woods always on the run from captain hook run, run lost boy, they say to me away from all of reality neverland is home to lost boys like me and lost boys like me are free neverland is home to lost boys like me and lost boys like me are free peter pan, tinker bell, wendy darling even captain hook, you are my perfect storybook neverland, i love you so, you are now my home sweet home forever a lost boy at last and for always i will say... i am a lost boy from neverland usually hanging out with peter pan and when we're bored we play in the woods always on the run from captain hook run, run lost boy, they say to me away from all of reality neverland is home to lost boys like me and lost boys like me are free neverland is home to lost boys like me and lost boys like me are freeembed"
1,sleep,"i had a dream about a burning house you were stuck inside, i couldn't get you out i laid beside you and pulled you close and the two of us went up in smoke love isn't all that it seems i did you wrong i'll stay here with you until this dream is gone i've been sleepwalking been wandering all night trying to take what's lost and broke and make it right i've been sleepwalking too close to the fire but it's the only place that i can hold you tight in this burning house see you at a party and you look the same i could take you back but people don't ever change wish that we could go back in time i'd be the one you thought you'd find love isn't all that it seems i did you wrong i'll stay here with you until this dream is gone i've been sleepwalking been wandering all night trying to take what's lost and broke and make it right i've been sleepwalking too close to the fire but it's the only place that i can hold you tight in this burning house the flames are getting bigger now in this burning house i can hold on to you somehow in this burning house oh, and i don't want to wake up in this burning house i've been sleepwalking been wandering all night trying to take what's lost and broke and make it right i've been sleepwalking too close to the fire but it's the only place that i can hold you tight in this burning houseembed"
2,sleep,"little wonders lyricslet it go, let it roll right off your shoulder don't you know the hardest part is over? let it in, let your clarity define you in the end we will only just remember how it feels our lives are made in these small hours these little wonders, these twists and turns of fate time falls away but these small hours these small hours still remain let it slide, let your troubles fall behind you let it shine until you feel it all around you and i don't mind if its me you need to turn to well get by, its the heart that really matters in the end our lives are made in these small hours these little wonders, these twists and turns of fate time falls away but these small hours these small hours still remain all of my regret will wash away somehow but i cannot forget the way i feel right now in these small hours these little wonders, these twists and turns of fate yeah, these twists and turns of fate! time falls away, yeah but these small hours and these small hours still remain, yeah ooh they still remain these little wonders, oh these twists and turns of fate time falls away but these small hours these little wonders still remainembed"
3,sleep,"they say we're gold, girl and we're on fire they say we're everything they want, but just can't find they see what they need, they only see what they like it's hard to breathe being held this high but, oh-oh-oh, oh-oh-oh, oh-oh-oh i will carry you oh-oh-oh, oh-oh-oh, oh-oh said, oh-oh-oh, oh-oh-oh, oh-oh-oh i will carry you oh-oh-oh, oh-oh-oh, oh-oh now trouble's gonna come like it always does but if you don't know struggle, then you don't know love all they see is smoke, and not the fire it's from trying to write our story way before it's done but, oh-oh-oh, oh-oh-oh, oh-oh-oh i will carry you oh-oh-oh, oh-oh-oh, oh-oh oh-oh-oh, oh-oh-oh, oh-oh-oh i will carry you oh-oh-oh, oh-oh-oh, oh-oh i will carry you i will carry you i will carry you i will carry you i will carry you when your world is spinning 'round i will never let you fall, no i will never let you down oh-oh-oh, oh-oh-oh, oh-oh-oh i will carry you oh-oh-oh, oh-oh-oh, oh-oh oh-oh-oh, oh-oh-oh, oh-oh-oh i will carry you oh-oh-oh, oh-oh-oh, oh-oh-ohembed"
4,sleep,"downtown we let it go sunset high and our bodies low blood rush in the hazy glow my hands, your bones looser we break the scene one step deep as you fall to me heart clap, we skip a beat count one, two, three and don't you stop the music get into it won't you dance with me? find a place and lose it you can do it won't you dance with me? move your feet and feel it in the space between you gotta give yourself a moment, let your body be we gotta lose it we gotta lose it lose it, lose it, lose it we gotta lose it lose it, lose it, lose it we gotta lose it your name i'll never know as we get down in the world below caught up in an overflow my hands, your bones wide eyed, you look at me set on fire in a silver dream spin round you can feel the breeze count one, two, three and don't you stop the music get into it won't you dance with me? find a place and lose it you can do it won't you dance with me? move your feet and feel it in the space between you gotta give yourself a moment, let your body be we gotta lose it we gotta lose it lose it, lose it, lose it we gotta lose it lose it, lose it, lose it we gotta lose it make a spark, break the dark find a light with me who we are from the start won't you dance with me? make a spark, break the dark find a light with me who we are chasing stars won't you dance with me? won't you dance with me? and don't you stop the music get into it won't you dance with me? find a place and lose it you can do it won't you dance with me? move your feet and feel it in the space between you gotta give yourself a moment, let your body be we gotta lose it we gotta lose it' lose it, lose it, lose it we gotta lose it lose it, lose it, lose it we gotta lose it lose it , lose it, lose it we gotta lose it lose it , lose it, lose it we gotta lose it move your feet and feel it in the space between you gotta give yourself a moment, let your body be we gotta lose it we gotta lose itembed"
5,sleep,"down by the water, under the willow sits a lone ranger, minding the willow he and his wife, once lived happily planted a seed, that grew through the reeds summers and winters, through snowy decembers sat by the water close to the embers missing out the lives that they once had before i wouldn't leave you i would hold you when the last day comes what if you need me won't you hold me on the last day our last day mr. and mrs., dreamed of a willow carving their names, into their willow if he had spoken, love would return spoken inside, too soft to be heard summers and winters, through snowy decembers sat by the water, remembering embers missing out the lives that they once had before ahhhhh, ahhhhh... somewhere the timing will all come together the mishaps will turn into sunny decembers the lovers will be able to find their willow ahhhhh, ahhhhh...embed"
6,sleep,"you are the avalanche one world away my make believing while i'm wide awake just a trick of light to bring me back around again those wild eyes a psychedelic silhouette i never meant to fall for you, but i was buried underneath and all that i could see was white my salvation, my, my my salvation, my, my oh, oh, oh you are the snowstorm i'm purified the darkest fairytale in the dead of night let the band play out as i'm making my way home again glorious, we transcend into a psychedelic silhouette i never meant to fall for you, but i was buried underneath and all that i could see was white my salvation, my, my my salvation, my, my my salvation, my, my my salvation, my, my oh, oh, oh oh, oh, oh oh, oh, oh my salvation, my, my my salvation, my, my my salvation, my, my my salvation, my, myembed"
7,sleep,"everything's gonna be alright she whispers to herself she was only six years old that night as she hid behind that shelf 'cause daddy had a little too much to drink and mama didn't want her to feel the pain she felt but she still felt the pain well, ten years they came and went and dad was gone so she looked for love in other men and tried to act strong oh, broken hearts and scars in only places she could see 'cause she just wanted, she just wanted to feel something and as she sat there on her bed thinking 'bout what those girls said tears streamed from her eyes she cried if there's a god out there please hear my prayer i'm lost and i'm scared and i got nowhere else to go i've come a long, long way but i'm not sure i can make it much farther so if you're listening, could you give a helping hand to your daughter? well, her path started to change she reached out and grabbed god's grace and finally, she saw a light until that night where she decided one drink was alright and one thing led to another the next thing you know, nine months go by she's a mother and as she laid there in that bed stroking that small angel's head tears streamed from her eyes she cried if there's a god out there please hear my prayer i'm lost and i'm scared and i got nowhere else to run i've come a long, long way but i'm not sure i can be the best mother so if you're listening, could you give a helping hand to your daughter? well, that baby grew into a boy who became her pride and joy he loved her like no man could and her heart felt peace, 'cause she finally understood god's love so, as she laid there in that bed ninety nine years old she grabbed her son's hand and said there's something you must know there is a god out there who heard my prayer i was lost and afraid and i had nowhere else to go i had no clue, what to do and then he sent me you so if you're lost and afraid and you feel so alone don't worry child 'cause there's a father who will love you as his own just like he loved his daughter like he loved his daughterembed"
8,sleep,"mama was a bit naive and her daddy was a blinded thief he went and stole away what was left of the remains of a family she'd hide away behind a door she kept locked but the walls weren't thick enough to block out angry noises of the voices that once soothed her to sleep and she lies, tonight underneath a caving roof and she cries, tonight wondering what she can do and she tries, tonight remembering who she once knew but they've died, inside another empty bottle takes a life this world can be so cruel she lives her life as a broken tool and she believes she's unable to fix this broken machine, and what's the use to throw yourself at love if in the end it never seems enough to be able to get through all of life's broken dreams she watched her father live in regret heard her mother cry in an empty bed and she swears this is the best life gets and she lies, tonight underneath a caving roof and she cries, tonight wondering what she could do and she tries, tonight but she's out of memories that she once knew and she dies, inside another empty bottle takes a life and every little bit, every little bit of her wants to see that light but every single night another little bit of her dies inside she's trapped in her mind she feels more alive she feels more alive in her own dreams and she's wondering what's beyond the sky could she see the light if she falls asleep cause she feels more alive in her own dreams so tonight, she lies lifted up through her own roof dried eyes, tonight there's nothing more that she could do and they cry, tonight a daughter that they hardly knew and she's lost, in time another empty bottle takes a lifeembed"
9,sleep,"april singles release calendar lyrics/ bts - film out chloe moriondo - i eat boys danny elfman - kick me dayglow - woah man jacquees - trackstar keith ape - i don't want peace keith ape - i'm just kody lavigne - no i'm not okay kuru - skytearer ft. blackwinterwells lil gotit - toosie litany & oscar scheller - playlist mat kearney - anywhere with you mol - olivia rodrigo - deja vu oscar and the wolf - james ozuna & ovi - envidioso shotgun willy & yung craka - respected man st. vincent - the melting of the sun the voidz - the eternal tao yvngxchris - april fools / club - therapy dugg & roddy ricch - da gang amber van day & ilira - see you in tears bailey bryan - temporary benny the butcher & ransom - spineless brockhampton - count on me cal - in the water cami petyn - tired chiiild & mahalia - awake cmten - music box desiigner - i get that don diablo - eyes closed dove cameron - lazybaby dro kenji - superstar freddie gibbs - big boss rabbit fredo bang - click up futuristic & michael minelli - bad decisions fxxxxy - yeah kool ft. lil uzi vert glades - limbo haerts - why only you iggy azalea - brazil iggy azalea & tyga - sip it ina wroldsen - matters jehry robinson - out my face ft. tech nne jutes - delete my number kenny mason - rih kevin gates - back in blood lil gnar - not the same ft. lil skies locateemilio - crash malia civetz - anybody but you mo - mob ft. foogiano morgxn - porcelain muwop & king von - nobody move nervo - pickle ft. paris hilton & tinie tempah no dice - peter griffin nut!!! - dookie ft. yung craka olivia holt - love on you. pi'erre bourne - u rei ami - that's on you! rochelle jordan - something saweetie - best friend ft. chanmina, jamie & doja cat shy glizzy & no savage - ridiculous snoop dogg - roaches in my ashtray ft. prohoezak sunni colon - provide steele & rio leyva - switch up tana rose - i can feel the rush tommy cash - zuccenberg ft. diplo & uicideboy tom odell - monster, vol. traqula, billy marchiafava & mol - don't waste my time xan griffin - do it by myself young m.a - successful yungeen ace - opp boyz zolita - bedspell ft. kailee morgue / staysolidrocky - tragic / kodak black - easter in miami since & basednas - see me weyes blood - titanic risen / bebe rexha - sacrifice billie marten - creature of mine chanyeol - tomorrow holly humberstone - haunted house lil tecca - show me up rostam - changephobia sinead o'brien - kid stuff steve aoki & kiiara - used to be ft. rob thomas sufjan stevens - meditation v texas - mr haze tierra whack - link / anderson east - madelyn belly - iykyk belly - money on the table ft. benny the butcher franc moody - big cheese grae - spinning gus dapperton - palms ft. channel tres lydia ainsworth - sparkles & debris m - plugged in mae muller - gone niziu - take a picture / poppin' shakin' now united - fiesta oston - i think you should leave overcoats - the hardest part ft. tennis paul mccartney & ed o'brien - slidin' renforshort - exception rick astley - unwanted roisin murphy - assimilation slenderbodies - heartbeat taylor swift - mr. perfectly fine ten tonnes - everything you got tkay maidza - syrup tommy ice - okay ft. godwin twenty one pilots - shy away xanman - goosebumps yung mal - belaire / not - whipski ft. lil skies & internet money alice merton - vertigo ary - hurt you ft. emilie nicolas ashe - i'm fine boyband - fooly cooly casanova - outside ft. quavo deno - lingo ft. j.i the prince of n.y & chunkz dounia - lavender el alfa, cj & chael - la mama de la mama ft. el cherry scom gatlin - what if i love you good times ahead - so good icewear vezzo - up the sco ft. lil durk j balvin & khalid - otra noche sin ti juanes - el amor despues del amor kida kudz - animalistic kirby - boyz ii men lil eazzyy - hunnid or better ft. bizzy banks london grammar - america of monsters and men - destroyer pouya - leave me alone prince - welcome america queen naija & ari lennox - set him up sematary - crucifixion sl & mllionz - versus sofi de la torre - y duele ft. pablo alboran sypski - down & out ft. landon cube & raspy tyler shaw - north star years & years - starstruck zoey dollaz - broad day light / kbaby - ohio river a.chal - tappd'n a.g. cook - beautiful superstar aj mitchell - stop ak - no games aly & aj - symptom of your touch armin van buuren - weight of the world ft. rbvln ar'mon & trey - take the blame ft. lil tjay bebe rexha - sacrifice bigkaybeezy - walk down ft. pooh shiesty bladee & mechatok - grace centimillimental - charlotte cardin - sad girl coltrane - whatchumacallit conway the machine - blood roses ft. jae skeese cupcakke - mickey dmx, bootsy collins, & steve howe - x moves ft. ian paice doja cat - kiss me more ft. sza flight - btfu florrie - walk away forest blakk - if you love her ft. meghan trainor gabrielle - det urolige hjertet global azn - overdrive gorillaz - gorillaz gracey & billen ted - got you covered gwen stefani & saweetie - slow clap imanbek, sean paul & sofia reyes - dancing on dangerous illenium & iann dior - first time isac elliot - roommates james vincent mcmorrow - waiting joey trap - professional jordan knows, thekidszn & brandon thakidd - so wrong jutes - hummingbird kat cunning - could be good kyleyoumadethat - all about cake ft. kaash paige & coi leray like saturn - i think i'll be alright lilbubblegum - billie eilish ft. ciscaux llusion & salem ilese - yoga majid jordan - waves of blue matt ox - distorted matthew tuck & frosty - someone like you ft. global azn midnight kids - out of time ft. yueku money mu - problem ft. pooh shiesty nathan dawe, anne-marie & mostack - way too long night lovell - bottom top olivia o'brien - sociopath peter rosenberg & westside gunn - stain polo g - rapstar ppcocaine - level up prax & tom riddle - ethanol ft. frosty quinn lewis - don't love back rhab & andy grammer - closer to you rag'n'bone man & p!nk - anywhere away from here ritt momney & claud - set the table scarlxrd - dxing me. shaed - osaka shy martin - remember you were the one slayyyter - cowboys sonder & jorja smith - nobody but you spotemgottem & nle choppa - beat box surf - jack in a box surfaces - wave of you tim mcgraw - god moves the pen trippie redd & sos lo - honorable flex ft. chris king veronica fusaro - fool westsidejhitt - whateva it takez ft. quin nfn yrn murk - get back ft. offset zillakami & lil uzi vert - badass / bexey - montero lil nas x freestyle dave - mercury dave - titanium now united - fiesta yung dastard - much! ft. yvngxchris / mace syre - shadowed glass ft. frosty / miles wesley - mary jane interlude / carlos vives & ricky martin - cancion bonita easy life - skeletons erika de casier - polite fickle friends - cosmic coming of age greentea peng - kali v guwop reign - forgot it ider - cross yourself lucy dacus - hot & heavy maple glider - swimming mick jagger - eazy sleazy ft. dave grohl orla gartland - zombie! qveen herby - juice royal blood - boilermaker thomas rhett - country again tommy newport & earthgang - stargazer / baby queen - dover beach babyjake - do i fit in your shoes? charli adams - cheer captain conway the machine - scatter brain ft. jid & ludacris dawn richard - mornin' / streetlights dizzy - the bird behind the drapes ft. luna li emotional oranges & becky g - down to miami exit kid - munny girl in red - you stupid bitch imelda may - diamonds inugami korone - saikyo tensai wanderful world of korone jacquees - no more parties ft. erica banks james vickery - hourglass kirinji - saikai kucka - eternity laurel - you're the one liz phair - spanish doors marina - purge the poison missio - losing my mind moneybagg yo - go! ft. big oscar lang - stuck ralph - tommy real lies - late arcades rina sawayama & elton john - chosen family sinead harnett - hard me love you tirzah - send me token - dentures unlike pluto - fallen parachutes / anaiis - juno ashley kutcher - if i could baker grace - i feel for you cautious clay - karma & friends charlotte oc - bad bitch charlotte oc - forest coin - how it feels daine - boys wanna txt ft. ericdoa gaspard auge - force majeure jawny - best thing julia michaels - love is weird julian lamadrid - minutes keyon christ - black skin machine niko walters - not my neighbour ft. kiana lede tawobi, lord trippy & ethereal - face the black keys - crawling kingsnake the coral - vacancy verite - by now / nonly - move! ft. ciscaux & savage gap uicideboy - new profile pic alanis morissette - i miss the band almost monday - hailey beebs amy shark - amy shark andra day - phone dies annika wells - love sucks ashley monroe - groove aviva - unbreakable big k.r.i.t. - pick up the pace beach bunny & tegan and sara - cloud bebe rexha - sabotage benjamin francis leftwich - oh my god please biig piig - lavender billy marchiafava - good feelin' ft. mc virgins bino rideaux - incredible ft. drakeo the ruler birdy - second hand news carolesdaughter - trailer trash charlie collins - fuck it chet faker - whatever tomorrow citizen queen - y clean bandit - higher ft. iann dior conor maynard - crowded room crape - screaming across the valley ft. frosty cupcakke - mosh pit daddex - freezing damien styles - condom song ft. sueco dappy - wounds depresno - tokyo dj chose & fredo bang - ho dodie - i kissed someone dua saleh - signs eloise - intertwined eric church - heart est gee - lick back fcg heem - shinin' feder & upsahl - let there be drums fivio foreign - self made george cosby - lost on you georgia twinn - matty healy godfather of harlem - been to war ft. swizz beatz, dmx & french montana godfather of harlem - prince hakeem ft. ade & india shawn grace vanderwaal - repeat hey violet - problems holy holy - how you been iann dior - don't wanna believe iann dior & trippie redd - shots in the dark idk & offset - shoot my shot iluka - mess ft. lime cordiale isle of you - fallback josie man - little space for me jutes - careful what you wish for k camp - life has changed ft. pnb rock kayzo, sullivan king & papa roach - domination khalil? - don't think killy - trust nobody kwaye - runaway kygo - gone are the days ft. james gillespie leah nobel - the ones that make it like saturn - neverending road lil kee - fake shit ft. dugg lil poppa - am flights ft. toosii lil west - west side lord huron - long lost loveleo & blackwinterwells - buzzcut lucki - lifestylebrazy lucki - no joke lxandra - sabotage maia wright - break her heart matilda - nervous matilda mann - doomsday matt ox - go psycho methyl ethel - neon cheap must die!, akeos & skream - lol ok olivia dean - be my own boyfriend redman - barz regard, troye sivan & tate mcrae - you renni rucci - talk rhys lewis - seasons ruth b. - situation sabina ddumba - swishers san mei - i can't sleep shakka & goldlink - solo shungudzo - white parents smallpools & neffex - the answer snoop dogg - say it witcha booty ft. prohoezak steele & rio leyva - red hillz stella donnelly - if i could cry steve aoki & farruko - aire sueco - sos ft. travis barker sypski & the awkward public - break my bank tee grizzley & g herbo - never bend never fold the darcys - swerve the struts & paris jackson - low key in love the world famous tony williams & wale - everybody knows thomston - magnolia ft. zeph toosii - what it cost twin shadow - alemania xan griffin - let this go yn jay - drunk when i made this yun head - wasting time yung trench - rain zachary knowles - dancing in the kitchen / bugzy malone - salvador calboy - all night long / azealia banks - nirvana chvrches - he said she said egovert - step in the scene freestyle! jorja smith - gone lil darkie - usa ft. eddison lil yachty - cortex maluma - rumba tuxx - contaminate villagers - the first day zoe wees - ghost / angel olsen - alive and dying cj fly - medicine eliza shaddad - heaven ghastly - the og iggy azalea & gloria groove - brazil natti natasha & becky g - ram pam pam smoke dza - no regrets ft. dom kennedy twice - kura kura wolf alice - smile / ashe - when i'm older deb never - sorry gorgon city - tell me it's true kota the friend - outside lil gotit - burnt n turnt ft. nav lil loaded - bag talk little simz - introvert mellah - easy breezy morcheeba - killed our love morray - trenches pacman da gunman & icewear vezzo - did that ryster - bad girls club sports team - happy tora - why won't you wait weezer - i need some of that yung mal - way or no way / amy allen - one avelino - demons delta goodrem - all of my friends dutchavelli - circle the endz hanne mjen - hell with you john grant - rhetorical figure renni rucci & kevin gates - at russ millions & tion wayne - body lil peppa & lil grillz - n-word shaybo - broke boyz ft. dreamdoll tobishyboy - jagged edge ft. mllionz & unknown t yg & mozzy - bompton to oak park yola - diamond studded shoes / oh! - lights down low oh! - waste it on me aly & aj - don't need nothing amber mark - worth it anthony russo - anyone avian grays - crying 'bout you azizi gibson - xu ben platt - imagine bj the chicago kid, pj morton & kenyon dixon - bring it on home to me blake shelton - bible verses brandyn burnette - addicted brett young - not yet cash cash - ride or die ft. phoebe ryan chelsea collins - hotel bed ft. swae lee chris lane - fill them boots ciscaux & egovert - my body is a burning house and everything inside is trying to get out cochise - sanji crowder - milk & honey d savage - lock'd in elliot lee - rubies elyotto - sugarcrash! ft. curtis waters & kim petras fivio foreign - unruly flora cash - soul mate funkmaster flex & cj - you know godfather of harlem - forgot about the streets ft. brillo, badda td & melvoni greyson chance - hellboy h.e.r. - come through ft. chris brown hamzaa - in between ft. miraa may henri purnell - on my way home ft. joe cleere iris - to be mine jagwar twin - down to you jess connelly - risk jessia - i'm not pretty ft. bebe rexha jessie murph - look who's cryin' now joey trap - trappin' ain't unfair jordan mcgraw - her jutes - california k.flay - four letter words katy perry, luisa sonza & bruno martini - cry about it later key! - savage landstrip chip & millie go lightly - wraith lauren aquilina - the knife lexi jayde - running in place lil he - falling out of luvv like saturn - what a view lion babe - frida kahlo luh kel - f love maj - peach crush ft. thehxliday matt cooper - ain't met us yet max jury - highway song max leone - untitled melvoni - get money ft. ddg & tyla yaweh nardo wick - shhh nessly - mythbusters patrick droney - talk about that push baby - cry / talk about it q - if you care rhab, luis fonsi & sean paul - pues reba mcentire - somehow you do rebecca black - personal rezz & deadmau - hypnocurrency rich the kid - richard mille patek roman alexander - between you & me ft. ashley cooke salem ilese - about a breakup sara kays - backseat rider sarah klang - love so cruel sasha sloan - when was it over? ft. sam hunt scarlxrd - mxrbid. shift ky & tinashe - love line skott - tired ft. shylde sleepwalkrs - goodnight ft. jp cooper sol jay - ditto sosmula - criminal spotemgottem - beat box ft. polo g starboi - dick ft. doja cat teddy swims - bed on fire the alchemist - nobles ft. earl sweatshirt & navy blue the chemical brothers - the darkness that you fear the hunna - bad place thehxliday - wit dat ft. polo g the veronicas - life of the party ft. allday the weeknd & ariana grande - save your tears thouxanbanfauni, eva shaw & chxpo - diamonds tom odell - numb ft. zaia torine - all my problems transviolet - clean laundry ft. dreamers unperfect - can't get over it, pt. very abstract - never gonna lose ft. lilbubblegum whethan - warning signs ft. kevin george winona oak - old insecurities wonder & mol - sno ybn nahmir - opp stoppa ft. lil eazzyy youngboy never broke again - territorial ysn flow - do it again ft. doe boy yung tory - fake love / bexey - gargoyle smokepurpp - mob rockit gaming - it's me / eddison - u rmx ft. lil darkie now united - baila shelley fka dram & summer walker - all pride aside snow tha product - never be me starset - infected will young - daniel / faye webster - cheers hunny - xbox luvr kali - do a bitch ft. rico nasty league of legends & foreign air - starts right here ft. kenny mason lil baby & megan thee stallion - on me molly burch - control mykki blanco - love me ft. jamila woods & jay cue phoebe green - idk self esteem - i do this all the time vistas - stuck in your head willow - t r a n s p a r e n t s o u l ft. travis barker / adam melchor - light year ft. lennon stella allday - stolen cars bladee & mechatok - drama ft. charli xcx call me karizma - vacuum boy chiiild - gone cloves - nightmare garbage - no gods no masters half waif - swimmer jackboy - protecting my energy jessie ware - please lights - beside myself sally sossa - right my wrongs ft. toosii spill tab - anybody else zhu & arctic lake - yours / allblack, g-eazy & e- - toes billie eilish - your power burna boy - kilometre contradash - pm frvrfriday - priceless gavin turek - slide ft. black party ghostface - paper planes inna - oh my god lil skies - my baby ft. zhavia ward machine gun kelly - love race ft. kellin quinn noel gallagher's high flying birds - we're on our way now stand atlantic - deathwish ft. nothing,nowhere. the beaches - let's go tini & maria becerra - mienteme / savage - spiral a boogie wit da hoodie - track star ft. mooski afrojack & david guetta - hero alan jackson - where her heart has always been alec benjamin - the way you felt alfie templeman - one more day ft. april amber liu - vegas anitta - girl from rio ayelle - options babii - driift baby keem & travis scott - durag activity bbno & diamond pistols - help herself ft. benee bebe rexha - die for a man ft. lil uzi vert bow anderson - hate that i fell in love with you brynn cartelli - if i could brynn elliott - letter to a girl bvdlvd - what's up? chord overstreet - stone man chris lane - summer job money daniyel - somebody daya - montana depresno - nordnes digital farm animals - last night ft. harlee diplo - one by one ft. andhim & elderbrook elley duhe - kids of the night emlyn - change for me empress of - one breath finn askew - cherry bomb frvrfriday - okay ft. vory godfather of harlem - no bark when i bite ft. rick ross & cruel youth gucci mane - shit crazy ft. big hayley kiyoko - found my friends hook n sling, galantis & karen harding - the best hunnav & frosty - robbery ft. jxve illenium & iann dior - first time ina wroldsen - fires jamie miller - here's your perfect jayxander - stuck in the burbs josh a - anxious ft. guccihighwaters joy oladokun - sorry isn't good enough joyner lucas & lil baby - ramen & oj june's diary - maniac justine skye & rema - twisted fantasy jutes - fvck your boyfriend kara marni - twisted fantasy kings of convenience - rocky trail kriss kross amsterdam, shaggy & conor maynard - early in the morning kuttemreese - no statements ft. lil durk kyle dion - purr ft. kari faux kyleyoumadethat - make you happy ft. yb redencion, joseph black & ybn nahmir lauren jauregui - temporary lbs kee'vin - that's life ft. omb peezy like saturn - mirror with no reflection lil boom - rocket power! lil west - date a star lily rose - overnight sensation little mix - confetti ft. saweetie lord huron - i lied ft. allison ponthier lou elliotte - happy for me louis the child & a r i z o n a - so what loveleo - tung tied ft. rico nasty mags - i can't get over you mat kearney - say it now marc e. bassy - atmosphere marc e. bassy - zone maverick - my way ft. frosty meek mill - lemon pepper freestyle mereba - rider mitch james - be somebody mob rich - made to fall neffex - are you ok? nightly - lover/loner nle choppa - final warning nocap - on purpose obn jay - green beam olivia rodrigo & joshua bassett - even when / the best part parson james & jojo - dirty laundry picture this - la house party pnb rock - need somebody pressa - attachments ft. coi leray projexx - bigga league ft. bakersteez quadeca - soul train quincy - on yo azz! rag'n'bone man - crossfire rhys - over you riley clemmons - i'm not alone sarah close - i can't trust myself scarlet pleasure - somebody else scarlxrd - hate me then. shaed - dizzy sidepiece - acrobatic shotgun willy & yung craka - mexico snw - spilled my coffee ft. rxseboy & jack cullen sophia messa - breakfast in bed ft. avenue beat sorry x - listerine ft. frosty, crape, sypski & lostboykuri spice - go down deh ft. sean paul & shaggy steve aoki & jungleboi - rubble to gold ft. sam calver still woozy - kenny surf - autopsy taylor bennett - come alive ft. thehxliday the aces - don't freak the band camino - sorry mom the jungle giants - treat you right the kid laroi - without you ft. miley cyrus the marias - hush tina arena - church twenty one pilots - choker vedo - for me ft. jacquees warpaint - lilys wiktoria - need you to know wrabel - good yung baby tate - eenie meenie yung bae - woman on the moon ft. upsahlembed"
10,sleep,"june singles release calendar lyrics/andrew robertson - the lost ones* eliyah monroe - home* jordan coning - eden* koine - face to face* mike janzen - breaking through* scott aitken - she rains/beautiful tension - call me up feat. maggie richardson* for all seasons - problems * kai neptune - skies* poor bishop hooper - psalm /elias. - tell me i'm wrong feat. doza.* neely - could i walk away*/abby robertson - worry amber roper - make it be* arthur alligood - stick around* asha elia - all in feat. kojo dave & sal ly cade thompson - new normal calledout music & dena mwana - never leave me casting crowns - scars in heaven christian singleton & praise lubangu - honeycomb christopher syncere - up! feat. chris soul coby james - brand new colectivo - testificare feat. ke'erron sims & victoria hernandez cristabelle braden - hope in the storm cross point music - no one feat. setnick sene crystal rome - awake again* dani miche - help me darrell davis & the remnant - i won't give up/change your situation feat. michael lampkin & angel woods dawson hollow - grim reaper don moen - return to me emu music - i will trust you in the darkness* first worship & mark alan schoolmeesters - where you'll find me future of forestry - carry* elu valenty - crei feat. ben potter gordy - oil on my head* housefires - holy holy here with me feat. kirby kaple hunter jackson - this love is different* isa ma - liberty feat. liz vice* jacob stanifer - normal jervis campbell & nancy daines - all i'm after jj heller- ordinary days joe day - all i want is home* johan glidden - shores of nineveh* john mark mcmillan - deliver me jonathan jackson - over it* journey worship co. - come to the lord jubril - i can't forget* k-see - dead man feat. henrik & gio. laura story - hello unknown limoblaze - blessed lion of judah - closer mac powell - river of life majo y dan - en la sombra mark barlow - precious matthew parker & sajan nauriyal - roses memphis may fire - blood & water michael & becci ball - one day* morgan brock - follow* mozi - house of god needtobreathe - what i'm here for nicole serrano - whenever you want me* noralyn - one of the few* nyman & jsteph - with you pennell - pearl of great price phil thompson - constant mercies prisims & streetlights - dance with me* pursue worship - heaven lives in us rachael nemiroff - what kind of love russ mohr & cole mcsween - after the benediction san montero - simple tu* sam rivera & evan craft - if you only knew! sharp dialect - broken parts* shaylee simeone - ever closer tamela mann - help me the gray havens - paradise the walls group - stand still the young escape - count on me tommee profitt - sinner & saint feat. beacon light & moiba mustapha* tru-serva - tonight feat. nicole serrano* vineyard worship - you have our yes vous worship - i need revival wande - big god xander sallows & ben lawrence - a billion lies zachary ochsner - hell th hour - bring that giant down ive - masterpiece feat. von won, dee black & lamontt blackshire/raw-b - ocean no shirt feat. xay hill/un corazon - rio/poor bishop hooper - psalm tatiana manaois - take one step/alex campos - vivir con el* alvin cedric - lifetime* building - not finished yet crywlfcry - give it up david dunn - livin' in the love david dunn - the greatest ellie holcomb - color elyssa smith & ben potter - omnipotent yet intimate flatland - savior king feat. zach jones* friends worship - never fail / how great is our god* hannah schaefer - my champion japhia life - attributes of mercy* jemimah paine - friend jor'dan armstrong - my god* jude. - wonderland* mark yandris - covered feat. elgin johnson* marqus anthony - like me* mirours - keep on driving ncc worship - something new* novelle - fighter* orphan no more co - it is done * red rocks worship - living god relent - ghost revolucionario - cristo feat. jeremiah paltan, saint james, fe sin vista & judy morehead* shane & shane - psalm siahthylegend - levels starflyer - life in bed* summit sounds - the wind is coming * the talleys - if anybody knows* tori harper & neon feather - horizon* twice - que no se apague tu luz the war within - jesus loves me* the war within - lord i need you* we are messengers - come what may will morrison - nothing is better worship for everyone & nick & becky drake - out of the water yelitza cintron, lucas & evelyn cortazio & community music - where would i be/jason upton - mom & dad/joseph o'brien - give up on love poor bishop hooper - psalm /alexxander & doza. - quiero verte amy grant - don't ever want to lose it brian courtney wilson - be real black for me feat. ledisi central live - tomorrow cory asbury - egypt * danielle apicella - fly emissary - your kingdom reign jason gray - what i wish for you jay white - somebody feat. scott mulvahill jet trouble - heroes john waller - what my father does feat. sophee waller keith & kristyn getty & dana masters - o love that wilt not let me go kev miranda & rubinsky rbk - sin pausa* legin - in awe leo mantovani & celines - dame tu mano matthew mole - i'm with you marvin brooks - as i went down matthew west - modest is hottest michael w. smith - dusty road needtobreathe - sunshine nikea marie - i believe in me* rachel hale - promised land redimi - buena onda* roy tosh - gotta wait feat. eris ford social club misfits - without you feat. riley clemmons & abe parker steven malcolm - andale strada - salida* switchfoot - fluorescent tasha cobbs leonard - gotta believe tommy royale - corona* tony saint - fences feat. jon keith* un corazon - papa unified sound, joncarlos velez & common hymnal - tu amor* the war within - jireh worshipmob - you say*/courtnie ramirez - yours/poor bishop hooper - psalm /summit sounds - heaven's atmosphere */abe parker - ain't no mountain agent snypa & limoblaze - able* alex linares - creyendo alive city - hard parts* andrew kurtz - baptized* asha elia, rockstar jt & kay sade - all in rap bethany barnard - you know* bizzle - too long brvndonp - fear of heights caleb mccoy - something new* chasen - stoke this fire* chris renzema - get out of the way of your own heart chris renzema - stronger love feat. leeland christon gray - leave on read citizens - light of your grace connor caughlan - unmistakable* cortes - around daniel ludtke - mi pastor * denita gibbs - redeemed* derek minor, greg james & thicc james - pull up dreamers - count on* dwell songs - so in awe of you feat. aaron williams & abbie gamboa* eddie clark & rapzilla - need u freedom heart - release* high praise - conqueror isaias baquedano - no te soltare jacob stanifer - pixels jarrell & damaris guerra - never alone* joe day - halflight joe l barnes - come back home john mark mcmillan & the war and treaty - everything new jordan smith - so many reasons josh copeland - all things working josh wilson - undeniable journey worship co. - alpha and omega* ken gober - unchangeable konata small - fight back lakewood music - in the name feat. kim walker-smith linaje escogido & alex zurdo - mas como tu lizzy parra & jaydan - palpitaciones feat. natan el profeta* matthew parker - martian party melanie waldman - come back mission - brand new man feat. scootie wop mitch wong - repent needtobreathe & rhab - i wanna remember feat. carrie underwood noel robinson & andy flannagan - we seek your kingdom feat. lou fellingham & donna akodu paid in full - too much patrick mayberry - no one like you lord p&w collective - daily bread port duo - treasure feat. jonathan ogden rick lee james - you are my salvation ryan ellis - heart of the father sam rivera - you sarah reeves - dance to it sean curran - shake the dust off shope - : freestyle feat. jonathan ogden spencer boliou - fire fall feat. high-fi stephen stanley - hurts for you swingin hammers - way down deep swoope - forever feat. derek minor taylor armstrong - - the color - better way the letter black - born for this the war within - beautiful exchange travis greene - hold on me feat. kirk franklin & john p. kee war of ages - no altars/poor bishop hooper - psalm embed"
11,sleep,"you're really cute i must admit but i need something deeper than this i wanna know when i'm looking at you that you don't only see the things you want to 'cause i'm not perfect i'm flawed and if you don't like that get lost 'cause i don't wanna if it's fake i don't wanna if it's just for show, for show i just wanna if it's real and i'm thinking i should let you know, you know... this superficial love thing got me going crazy baby if you want me, then you better need me 'cause i'm so done, not being your number one and if you wanna keep me then you better treat me like a damn princess, make that an empress 'cause i'm so done, not being your number one the superficial love... fine, at first i won't deny but i want more than just what meets the eye i wanna know when you're looking at me that you see deep into my personality 'cause i want authentic, not just for fun if this love is plastic it'll all break on us 'cause i don't wanna if it's fake i don't wanna if it's just for show i just wanna if it's real and i'm thinking i should let you know this superficial love thing got me going crazy baby if you want me, then you better need me 'cause i'm so done, not being your number one and if you wanna keep me then you better treat me like a damn princess, make that an empress 'cause i'm so done, not being your number one the superficial love... i can feel you on my lips all the time but i just wanna feel you in my heart and on my mind i can feel you on my lips all the time but i just wanna feel you in my heart and on my mind i can feel you on my lips all the time but i just wanna feel you in my heart and on my mind i can feel you on my lips all the time and this ain't right... this superficial love thing got me going crazy baby if you want me, then you better need me 'cause i'm so done, not being your number one and if you wanna keep me then you better treat me like a damn princess, make that an empress 'cause i'm so done, not being your number one the superficial love... i can feel you on my lips all the time but i just wanna feel you in my heart and on my mind i can feel you on my lips all the time and this ain't right the superficial love...embed"
