,name,lyrics
0,Winter 2014,"the sun shone high those few summer days left us in a soft, wide-eyed haze it shone like gold it shone like gold but just as the moon it shall stray so dawn goes down today no gold can stay no gold can stay what if our hard work ends in despair? what if the road won't take me there? oh, i wish, for once we could stay gold what if to love and be loved's not enough? what if i fall and can't bear to get up? oh, i wish, for once we could stay gold we could stay gold we're on our way through rugged land top of that mountain we wanted to stand with hearts of gold with hearts of gold but there is only forward, no other way tomorrow's your hope at the end of the day and gold turns grey and gold turns grey what if our hard work ends in despair? what if the road won't take me there? oh, i wish, for once we could stay gold what if to love and be loved's not enough? what if i fall and can't bear to get up? oh, i wish, for once we could stay gold we could stay gold all of my dreams, they fall and form a bridge of memories where i can get back all of my dreams, they fall and form a bridge of memories where i can get back to you, you what if our hard work ends in despair? what if the road won't take me there? oh, i wish, for once we could stay gold what if to love and be loved's not enough? what if i fall and can't bear to get up? oh, i wish, for once we could stay gold we could stay gold could stay gold stay goldembed"
1,Winter 2014,"never thought that i was weak always thought i could get hurt pretty bad still get up on my own two feet i always believed that i was free that i had some sense of integrity that would rise above whatever tried to change me but honey, now i won't wait for something to bring me round and smile 'cause that only sticks for a while then i'm back again oh, i'm a master pretender i always knew that i was young but with i never expected to be struck by the honey, now we won't change and memories just rearrange and fall into place so i'm back again oh, i'm a master pretender all the streets of new york city sure look pretty from way up here and i was headed home just felt more alone the further i'd go i always thought that you'd be here but shit gets fucked up and people just disappear so honey, now, don't be mad time has told me it can't be that bad and if it is, well, i'll be goddamned but i'll stick around i'll be your master defender yeah, i'll stick around i'll be your master defender yeah!embed"
2,Winter 2014,when i set my eyes on you gonna keep you out of town at night when i set my eyes on you not gonna be outta my sight and now you know everywhere on earth you go you're gonna have me as your man when i get my hands on you gonna make you carry me when i get my hands on you gonna make you marry me and now you know everywhere on earth you go you're gonna have me as your man when i come home to you gonna take you down to the riverside when i come home to you hold you in my arms all night and now you know everywhere on earth you go you're gonna have me as your man and now you know everywhere on earth you go you're gonna have me as your manembed
3,Winter 2014,"i listen to you time and time again while you tell me just what's right and you tell me a thousand things a day then sleep somewhere's else at night i'm going back to kansas city and i love you dear, but just how long can i keep singing the same old song? and i love you dear, but just how long can i keep singing the same old song? i'm going back to kansas city and you call me to come, then i do and you say you made some mistake you invite me into your house then you say you gotta pay for what you break i'm going back to kansas city and i love you dear, but just how long can i keep singing the same old song? and i love you dear, but just how long can i keep singing the same old song? i'm going back to kansas city gypsy woman, you know every place i go even a thousand miles away from home you don't care if i'm asleep or i'm awake this fickle heart just turn to stone going back to kansas city and i love you dear, but just how long can i keep singing the same old song? and i love you dear, but just how long can i keep singing the same old song? i'm going back to kansas city and i love you dear, but just how long can i keep singing the same old song and i love you dear, but just how long can i keep singing the same old song i'm going back to kansas cityembed"
4,Winter 2014,"down on the bottom lyricsdown on the bottom down to the last drop in the cup down on the bottom no place to go but up always been in trouble nearly all my life always been in trouble struggle, scorn and strife go find me my bluebird flying so high up above go find me my bluebird go find me somebody to love down on the bottom down to the last drop in the cup down on the bottom no place to go but up always been in trouble nearly all my life always been in trouble struggle, scorn and strife go find me my bluebird flying so high up above go find me my bluebird go find me somebody to love down on the bottom down to the last drop in the cup down on the bottom no place to go but up down on the bottom down to the last drop in the cup down on the bottom no place to go now but upembed"
5,Winter 2014,"if not for you lyricswell, ooh, it's an easy old world yeah, for little old you if you see that sun as an obvious brute yeah he comes around, ooh after the moon goes down just to have a little fun until the day is done well, i say why do you even try to find an alibi if you come around i hope you stay the whole damn night and bring some friends and bring some folks yeah come along and tell some jokes and if you're anything like me oh, baby, just you wait and see if it seems like a good idea well if all the lights said stop and the oceans, they did drop well then i'd always feel so on top if not for you oh but oh how time went by and the oceans, they did rise and i always felt so hypnotized but not by you yeah, not by you embed"
6,Winter 2014,you can't break my heart lyricswhat good does true love do? why'd i fall in love with you? you can break a promise but you can't break my heart if i can't change your mind you go your way and i'll go mine you can't tear my world apart you can't break my heart who do you think you are? walking out on me now you might leave a little scar now i have nothing left only heartache and regret you can break a promise but you can't break my heart who do you think you are? walking out on me now you might leave a little scar but you can't break my heart you don't know where to start you can break a promise but you can't break heartembed
7,Winter 2014,"hidee hidee ho # lyricshow could she reject me? send me on my way? how could she suspect me of leading her astray? i met her accidentally and i asked to see her home she told me she wouldn't mind and we commenced to roam hidee hidee ho hidee hidee hee hidee hidee hoo hee i took out my pen knife and showed it at this rake he looked at me as if to say you're making a mistake i do not frighten easily yet no weapons i possess no matter what you thinkin', son you, you better second guess hidee hidee ho hidee hidee hee hidee hidee hoo hee hidee hidee ho hidee hidee hee hidee hidee hoo hee hidee hidee ho hidee hidee hee hidee hidee hoo heeembed"
8,Winter 2014,"wild animals lyricsthere's another world, it's made for us trapped in bodies, they're made to rust it's one that i can break right through i am ready, how about you? by the coming dark, we try to breathe and this just can't be happening we found everything we need buried deep beneath the leaves i see the better part of you i see the better part of you but i'm a monster just like you wild animals it's trueembed"
9,Winter 2014,wait so long lyricsi could never pretend that i don't love you you could never pretend that i'm your man that's exactly the way that i want it that's exactly the way that i am and you call me in the morning with your troubles takin' it downtown every night i could never place the stars at night above ya i got my hands on the ground and you know i'm right you wait so long you wait so long you wait so long you wait so long it's a coffee stained earth ever time it happens laugh it up honey it ain't that bad any afterthought rose to recognition like every other coffin that i had and your buick broke down in winnemucca fall to your knees and you pray to the lord then you take up hope at the politicians nothing happens in this burnt out town anymore you wait so long you wait so long you wait so long you wait so long and your heart rolls on like a frozen freight train you know that i help you if i can but i'm just a raindrop in a river just a little itty-bitty grain of sand and you know that i'm doomed to repeat this with all the bad habits that i've learned but it's better than your fire-borne fornication and all the dirty money that you earn you wait so long you wait so long you wait so long you wait so longembed
10,Winter 2014,"emma eats bread and butter like a queen would have ostrich and cobra wine we'll have satanic christmas eve and play piano in the chateau lobby i've never done this baby, be gentle it's my first time i've got you inside people are boring but you're something else completely damn, let's take our chances i wanna take you in the kitchen lift up your wedding dress someone was probably murdered in so bourgeoisie to keep waiting dating for twenty years just feels pretty civilian and i've never thought that ever thought that once in my whole life you are my first time people are boring but you're something else i can't explain here take my last name first time, you let me stay the night despite your own rules you took off early to go cheat your way through film school you left a note in your perfect script: stay as long as you want, and i haven't left your bed since i haven't hated all the same things as somebody else since i remember what's going on for, uh, what are you doing with your whole life? how about forever?embed"
11,Winter 2014,"how many people rise and say my brain's so awfully glad to be here for yet another mindless day now, i've got all morning to obsessively accrue a small nation of meaningful objects and they've gotta represent me too by this afternoon, i'll live in debt and by tomorrow, be replaced by children? how many people rise and think oh good, the stranger's body's still here, our arrangement hasn't changed now, i've got a lifetime to consider all the ways i grow more disappointing to you as my beauty warps and fades and i suspect you feel the same when i was young, i dreamt of a passionate obligation to a roommate? is this the part where i get all i ever wanted? who said that? can i get my money back? just a little bored in the usa oh, just a little bored in the usa save me, white jesus bored in the usa oh, they gave me a useless education and a subprime loan on a craftsman home keep my prescriptions filled and now i can't get off but i can kind of deal oh, with being bored in the usa oh, just a little bored in the usa save me, president jesus i'm bored in the usa how did it happen? bored in the usaembed"
12,Winter 2014,"saw you today after so much time felt just like it used to be talking for hours 'bout a different life surrounded us in memories we were close never close enough where are we now cause if it's torn we can stitch it up don't rule it out oh no no i'll come around if you ever want to be in love i'm not waiting, but i'm willing if you call me up if you ever want to be in love i'll come around wanted to ask if we could have been but my tongue wouldn't break the seal you always had something effortless at school you were the biggest deal little quirks close and open up time is slipping by i'm always thinking 'bout the two of us replay on my mind always playing on my mind i'll come around if you ever want to be in love i'm not waiting, but i'm willing if you call me up if you ever want to be in love i'll come around we were young we were side by side don't know when we started losing touch if you want we could walk around maybe that would be enough used to talk drinking to the night i would wake up on the front room floor all alone, you'd be in my bed make me crazy make me want you more i'll come around if you ever want to be in love i'm not waiting, but i'm willing if you call me up i'll come around if you ever want to be in love i'm not waiting, but i'm willing if you call me up if you ever want to be in love i'll come aroundembed"
13,Winter 2014,"tried to keep you close to me but life got in between tried to square not being there but think that i should have been hold back the river, let me look in your eyes hold back the river so i-i can stop for a minute and see where you hide hold back the river, hold back once upon a different life we rode our bikes into the sky but now we crawl against the tide those distant days are flashing by hold back the river, let me look in your eyes hold back the river so i can stop for a minute and be by your side hold back the river, hold back hold back the river, let me look in your eyes hold back the river so i-i can stop for a minute and see where you hide hold back the river, hold back hold oho, oho, oho oho, oho, oho, oho lonely water, lonely water won't you let us wander? let us hold each other lonely water, lonely water won't you let us wander? let us hold each other hold back the river, let me look in your eyes hold back the river so i can stop for a minute and be by your side hold back the river, hold back hold back the river, let me look in your eyes hold back the river so i-i can stop for a minute and be by your side hold back the river, hold lonely water, lonely water won't you let us wander? let us hold each other lonely water, lonely water won't you let us wander? let us hold each otherembed"
14,Winter 2014,"i got all the time in the world don't you want some of that? i got all the time in the world don't you want some of that? don't you want some of that? i would, if i were you i had all the time in the world you wanted none of that i had all the time in the world you wanted none of that you wanted none of that i would if i were you put my work in front of my girl there's something wrong with that put my work in front of my girl there's something wrong with that something really, really wrong with that i know this to be true embed"
15,Winter 2014,fare thee well lyricsif i had wings like noah's dove i'd fly up the river to the one i love fare thee well my honey fare thee well well i had a man who was long and tall who moved his body like a cannon ball fare thee well my honey fare thee well i remember one evening in the pouring rain in my heart was an aching pain fare thee well my honey fare thee well bloody river was muddy and wild can't give a bloody for my unborn child fare thee well my honey fare thee well sure as a bird flying high above life ain't worth living without the one you love fare thee well my honey fare thee well fare thee well my honey fare thee wellembed
16,Winter 2014,"yeah, i seen you there looking all pretty when you brush your hair yeah, i like it when you smile won't you stay with me, just for a little while? can i take you home? can i take you home? we can go anywhere you want to go can i take you high to the mountain sky? we can go as far as you want to go bah bah bah bah bah, bah bah bah bah bah bah, bah sitting here now beneath them stars makes me wanna take them wings to my arms she's got this way she's got this way of wrapping her little heart around mine can i take you home? can i take you home? we can go anywhere you want to go can i take you high to the mountain sky? we can go as far as you want to go bah bah bah bah bah, bah bah bah bah bah bah, bah can i take you home? can i take you home? we can go anywhere you want to go can i take you high to the mountain sky? we can go as far as you want to go bah bah bah bah bah, bah bah bah bah bah bah, bah bah bah bah bah bah, bah bah bah bah bah bah, bahembed"
17,Winter 2014,"she said, hello, mister, pleased to meet ya i wanna hold her, i wanna kiss her she smelled of daisies, she smelled of daisies she'd drive me crazy, she'd drive me crazy gonna take her for a ride on a big jet plane gonna take her for a ride on a big jet plane hey, hey hey, hey be my lover, my lady river can i take ya, take ya higher? gonna take her for a ride on a big jet plane gonna take her for a ride on a big jet plane gonna take her for a ride on a big jet plane gonna take her for a ride on a big jet plane hey, hey hey, hey hey, hey hey, hey gonna hold ya, gonna kiss ya in my arms gonna take ya away from harm gonna hold ya, gonna kiss ya in my arms gonna take ya away from harm gonna take her for a ride on a big jet plane gonna take her for a ride on a big jet plane gonna take her for a ride on a big jet plane gonna take her for a ride on a big jet plane hey, hey hey, hey hey, hey hey, hey hey, heyembed"
18,Winter 2014,"grey jane was a river child born down by the river wild said, hey what i wanna be nobody's gonna intervene and she wants you but you won't do and it won't leave you alone and the rain falls on the wrong year and it won't leave you alone it won't leave you alone could be that he's into you could be that the obverse is true struck down as a summer child ten steps just to run a mile and he wants you but you won't do and it won't leave you alone and the rain falls on the wrong year and it won't leave you alone it won't leave you alone it won't leave you alone the spirit's willing the flesh is getting bored the speaker's blaring out some long-forgotten chord some misbegotten, long-forgotten chord sing me some eidolon and i'll sleep all the winter long till then i can only be nobody's gonna intervene and she wants you but you won't do and it won't leave you alone and the rain falls on the wrong year and it won't leave you alone it won't leave you alone it won't leave you alone it won't leave you alone embed"
19,Winter 2014,"down by the lake we were overturning pebbles and upending all the animals alight and i took a drag from your cigarette and pinched it 'tween my finger and my thumb, till it had died and the sun burned low on the radio say that you will, say you will or will you won't or you whatever you prevaricate your whole life, don't you? this much i can say: i would've waited till the oceans fell away and all the sunken cities would reveal themselves to you but you won't, will you? because you never do and the sun burned through sweet as honeydew and i, seventeen and terminally fey i wrote it down and threw it all away never gave a thought to what i paid and you, all sibylline, reclining in your pew you tattered me, you tethered me to you the things you would, and the things you wouldn't do to tell the truth i never had a clue now we arise to curse those young suburban villains and their ill-begotten children from the lawn come to me now, and on this station wagon window set the ghost of your two footprints that they might haunt me when you're gone and when the light broke dawn, you were forever gone but i remember you: you were full you were full and sweet as honeydew and i, seventeen and terminally fey i wrote it down and threw it all away and never gave a thought to what i paid and you, all sibylline, reclining in your pew you tattered me, you tethered me to you the things you would, and the things you wouldn't do you noticed how i never had a clue, never had a clue you were full and sweet as honeydew you were full and sweet as honeydewembed"
20,Winter 2014,"i want you, thin fingers i wanted you, thin fingernails and when you bend backwards i wanted you, i needed you oh-oh, to make me better i'll love you in springtime i lost you when summer came and when you pulled backwards i wanted to, i needed to oh-oh, to make me better oh-oh, to make me better but we're not so starry-eyed anymore like the perfect paramour you were in your letters and won't it all just come around to make you let it all unbreak you to the day you met her but it'd make you better it'd make you better i sung you your twinges i suffered you your tattletales and when you broke sideways i wanted you, i needed you oh-oh, to make me better oh-oh, to make me better but we're not so starry-eyed anymore like the perfect paramour you were in your letters and won't it all just come around and make you let it all unbreak you to the day that you met her and it'd make you better did it make you better? make you better, oh and all i wanted was a sliver to call mine and all i wanted was a shimmer in your shine to make me bright cause we're not so starry-eyed anymore like the perfect paramour you were in your letters and won't it all just come around and make you let it all unbreak you to the day you met her but it'd make you better it'd make you better, ohembed"
21,Winter 2014,"green, green rocky road lyricswhen i go by baltimore need no carpet on my floor you come along and follow me we'll go down to galilee howlin' green, green rocky road you promenadin' green tell me who you love tell me who you love see that crow up in the sky he don't walk, he just fly he don't walk, he don't run keep on flappin' to the sun hooka dooka, soda cracker does your mama chew tobacker if your mama chews tobacker hooka dooka, soda cracker when i go by baltimore need no carpet on my floor you come along and follow me there's a man in galileeembed"
22,Winter 2014,"all the pretty girls like samuel oh he really doesn't share though it's more than he can handle life is anything but fair, life is anything but fair just as soon as they turn older he'll come and sweep them off their feet it's only making me feel smaller all the hidden love beneath so won't you lay me, won't you lay me down won't you lay me, won't you lay me down won't you lay me, won't you lay me down won't you lay me, won't you lay me down all alone, alone again no one lends a helping hand i have waited, i have waited takes a toll, one's foolish pride how long before i see the light i have waited, i have waited for you to lay me down sail on by, sail on by for now they play naked in the water you know it's hard, heaven knows i've tried but it just keeps getting harder so won't you lay me, won't you lay me down won't you lay me, won't you lay me down won't you lay me, won't you lay me down won't you lay me, won't you lay oh won't you lay me, won't you lay me down won't you lay me, oh won't you lay me down oh won't you lay me, say won't you lay me down won't you lay me down oh i'll wait, i'll wait, i'll wait, i'll wait for you yeah i'll wait, i'll wait, i'll wait, i'll wait for you oh i'll wait, i'll wait, i'll wait, i'll wait for you oh i'll wait, i'll wait, i'll wait, i'll wait for you for you to lay me won't you lay me downembed"
23,Winter 2014,"so tired trying to see from behind the red in my eyes no better version of me i could pretend to be tonight soul deep in this swill with the most familiar of swine for reasons wretched and divine she blows out of nowhere, a roman candle of the wild laughing her way through my feeble disguise no other version of me i would rather be tonight and lord, she found me just in time 'cause with my mid-youth crisis all said and done i need to be youthfully felt 'cause, god, i never felt young she's gonna save me, call me baby run her hands through my hair she'll know me crazy, soothe me daily better yet, she wouldn't care we'll steal her lexus, be detectives ride 'round picking up clues we'll name our children jackie and wilson raise 'em on rhythm and blues lord, it'd be great to find a place we could escape sometime me and my isis growing black irises in the sunshine every version of me dead and buried in the yard outside we'd sit back and watch the world go by happy to lie back, watch it burn and rust we tried the world; good god, it wasn't for us she's gonna save me, call me baby run her hands through my hair she'll know me crazy, soothe me daily better yet, she wouldn't care we'll steal her lexus, be detectives ride 'round picking up clues we'll name our children jackie and wilson raise 'em on rhythm and blues cut clean from the dream at night, let my mind reset looking up from a cigarette, she's already left i start digging up the yard for what's left of me in our little vignette for whatever poor soul is coming next she's gonna save me, call me baby run her hands through my hair she'll know me crazy, soothe me daily better yet, she wouldn't care we'll steal her lexus, be detectives ride 'round picking up clues we'll name our children jackie and wilson raise 'em on rhythm and bluesembed"
24,Winter 2014,"well, the moon is broken and the sky is cracked come on up to the house the only things that you can see is all that you lack come on up to the house all your cryin' don't do no good come on up to the house come down off the cross, we can use the wood you gotta come on up to the house come on up to the house come on up to the house the world is not my home i'm just a-passin' through you gotta come on up to the house there's no light in the tunnel, no irons in the fire come on up to the house and you're singing lead soprano in a junkman's choir you gotta come on up to the house does life seem nasty, brutish, and short? come on up to the house the seas are stormy and you can't find no port got to come on up to the house you gotta come on up to the house come on up to the house the world is not my home i'm just a-passin' through you gotta come on up to the house you gotta come on up to the house come on up to the house the world is not my home i'm just a-passin' through you gotta come on up to the house there's nothin in the world that you can do you gotta come on up to the house and you been whipped by the forces that are inside you gotta come on up to the house well, you're high on top of your mountain of woe gotta come on up to the house well, you know you should surrender, but you can't let go you gotta come on up to the house gotta come on up to the house gotta come on up to the house the world is not my home i'm just a-passin' through you gotta come on up to the houseembed"
25,Winter 2014,"baby, baby, baby i'm coming home to your tender sweet loving you're my one and only woman the world leaves a bitter taste in my mouth, girl you're the only one that i want i wanna be around i wanna be around, girl i wanna be around, girl you, i wanna be around baby, how i'd be grieving if you wanted to leave me all alone now by myself, i don't want nobody else the world leaves a bitter taste in my mouth, girl you're the only one that i want i wanna be around i wanna be around, girl i wanna be around, girl you, i wanna be around baby, baby, baby i'm coming home to your tender loving you're my one and only woman the world leaves a bitter taste in my mouth, girl you're the only one that i want i wanna be around i wanna be around, girl i wanna be around, girl you, i wanna be around, girl i need you, baby girl i, i need your loving darling wanna hold you close girl, girlembed"
