,name,lyrics
0,Zoned,"truth n' time lyricsonly truth can make you see only truth can make you love me only truth, smile on your face only love can take your place let me say time, time, we need love and time only the truth can tell of this time, time, we need love and time time, time, time, oh only the truth can let you go only the truth can hear you love me so only the truth can make you see tell me the truth if you love me, let me say it time, time, can it be reached? can you cheat time true, let's all sing that break i said time, time, all we need is time time, time, let me hear you time, time, all we need is time i wanna be so big, they said time, can it reach, yeah all of the love and all say it matters time, time, all we need is time time, time, all we need is time time, time, all we need is time ...embed"
1,Zoned,"have you been making out okay? have you been making out okay? hey girl, i don't wanna change you now i wanna know how you been making out how you been? did the morning sun warm your soul? did he make you happy? did he make you whole? hey have you been making out okay? have you been making out okay? have you been making out okay? hey girl, since you been away with him my life has been cloudy and days been awful dim but you're looking well baby, would you rather be there with him? would you reconsider and come running back to me? have you been making out okay? have you been making out okay? have you been making out okay? have you been making out okay? have you been making out okay? have you been making out okay? hey baby, stopped by just to say while i was on my way stopped by today just to see how you was getting along i wanna know, can you make it on your own, baby? on your own, baby have you been making out okay? have you been making out okay? have you been making out okay?embed"
2,Zoned,"hangin' on lyricsi can't understand the way you feel well, in my heart, baby, i'm for real it's just the way i am as you can see but is this love between you and me? it's all because of you i keep hangin' on, just keep hangin' on 'cause i still belong to someone like you i don't know what to do just because, oh baby, just because i love you, you know i do people like to talk, good and bad in my heart, i know it makes me sad i can't understand the little mistake i'm not going just to give and take it's all because of you i keep hangin' on, just keep hangin' on i still belong to someone like you i don't know what to do just be, oh, it's just because, baby just because, just because i love you, know i do i keep hangin' on, just keep hangin' on baby, it's just because i have to cry, it's just because i love you tell the world i do i'm trying to be one man it's all because i love you tell the world i do let me say one thing i keep hangin' on just keep hangin' on i still belong to someone like you i don't know what to do deep down in my heart i say i love you tell the world i do there's just one more thing i gotta beembed"
3,Zoned,"'nother 'nother 'nother you lift my heart up when the rest of me is down you, you enchant me even when you're not around if there are boundaries, i will try to knock them down i'm latching on, babe, now i know what i have found i feel we're close enough i wanna lock in your love i think we're close enough could i lock in your love, baby? now i've got you in my space i won't let go of you got you shackled in my embrace i'm latching on to you now i've got you in my space i won't let go of you got you shackled in my embrace i'm latching on to you i'm so encaptured, got me wrapped up in your touch feel so enamoured, hold me tight within your clutch how do you do it? you got me losing every breath what did you give me to make my heart beat out my chest? i feel we're close enough i wanna lock in your love i think we're close enough could i lock in your love, baby? i feel we're close enough i wanna lock in your love i think we're close enough could i lock in your love, baby? now i've got you in my space i won't let go of you got you shackled in my embrace i'm latching on to you now i've got you in my space i won't let go of you got you shackled in my embrace i'm latching on to you i'm latching on to you i won't let go of you i'm latching on to you i won't let go of you i won't let go, i won't let go i won't let go, i won't let goembed"
4,Zoned,embed
5,Zoned,"'nother 'nother 'nother you lift my heart up when the rest of me is down you, you enchant me even when you're not around if there are boundaries, i will try to knock them down i'm latching on, babe, now i know what i have found i feel we're close enough i wanna lock in your love i think we're close enough could i lock in your love, baby? now i've got you in my space i won't let go of you got you shackled in my embrace i'm latching on to you now i've got you in my space i won't let go of you got you shackled in my embrace i'm latching on to you i'm so encaptured, got me wrapped up in your touch feel so enamoured, hold me tight within your clutch how do you do it? you got me losing every breath what did you give me to make my heart beat out my chest? i feel we're close enough i wanna lock in your love i think we're close enough could i lock in your love, baby? i feel we're close enough i wanna lock in your love i think we're close enough could i lock in your love, baby? now i've got you in my space i won't let go of you got you shackled in my embrace i'm latching on to you now i've got you in my space i won't let go of you got you shackled in my embrace i'm latching on to you i'm latching on to you i won't let go of you i'm latching on to you i won't let go of you i won't let go, i won't let go i won't let go, i won't let goembed"
6,Zoned,"yeah, well well well, yeah-heh yeah, hey, hey ooh driftin' on a memory ain't no place i'd rather be than with you, yeah lovin' you, well, well, well day will make a way for night all we'll need is candle lights and a song, yeah soft and long, well, ooh glad to be here alone with a lover unlike no other sad to see a new horizon slowly comin' into view, yeah i wanna be living for the love of you ah, yes i am all that i'm giving is for the love of you alright now lovely as a ray of sun that touches me when the morning comes feels good to me, yeah my love and me , well smoother than a gentle breeze flowin' through my mind with ease soft as can be , well when you're lovin' me when you're lovin' me, ooh love to be ridin' in the waves of your love enchanted with your touch and it seems to me we could sail together in and out of mystery, well i wanna be living for the love of you alright now all that i'm giving is for the love of you you got me, girl i wanna be living for the love of you alright now all that i'm giving, giving, is for the love of you ah, yes, i am paradise i have within can't feel insecure again you're the key well, and this i see oh, i see now and then i lose my way using words that try to say what i feel , yeah love is real oh, love is real, ooh i might as well sign my name on a card which could say it better time will tell 'cause it seems that i've done just about all that i can do i know that i'm living for the love of you oh, yes, i am i know that i'm living for the love, love of you every, every day, i'm, living, for, the love of you i'm living, for the love each and every day, i, i, oh oh, i oh, yes, i am i wanna say it one more time said i'm living for the love each and every day, i, i, oh oh, i lord knows i am write that down said that i'm living for the love, love of you woo-hooembed"
7,Zoned,"shoulders sideways, smack it, smack it in the air legs movin' side to side, smack it in the air legs movin' side to side, smack it in the air shoulders sideways, smack it, smack it in the air smack it, smack it in the air, legs movin' side to side smack it, smack it in the air, smack it, smack it in the air wave your hands side to side, put it in the air wave your hands side to side, put it in the air clap, clap, clap, like you don't care smack that, clap, clap, clap, like you don't care clap, clap, clap, clap, clap it foot up, my foot up, hold up now my foot up i'm spinnin' my foot up, foot up yeah my foot up i'm spinnin' my foot up, put my foot down yeah my hands up my hands up, my hands up , flexin' while my hands up my hands up, my hands up, i stand up with my hands up then i put up, my hands up, i put up, my hands up i put up, my hands up then i'm spinnin' all my hands up spinnin' while my hands up , spinnin' while my hands up spinnin' while my hands up then i'm tippin' all my hands up i'm spinnin', i'm spinnin', i'm spinnin' while my hands up i'm spinnin', i'm spinnin', i'm spinnin' while my hands up hold that cup like alcohol, hold that cup like alcohol hold that cup like alcohol, don't you drop that alcohol never drop that alcohol, never drop that alcohol i know you thinkin' about alcohol, i know i'm thinkin' bout that alcohol man this here like rollin' dice, man this here like rollin' dice seven eleven, seven eleven, seven twice, man seven twice man it feel like rollin' dice, man this feel like rollin' dice man it feel like rollin' dice, seven twice, seven twice girl i'm tryna kick it with ya, girl i'm tryna kick it with ya man i'm tryna kick it with ya, my feet up, i kick it with ya man i swear i kick it with ya, girl i wanna kick it with ya man i know i kick it with ya, yeah i spin around and i kick it with ya shoulders sideways, smack it, smack it in the air legs movin' side to side, smack it in the air legs movin' side to side, smack it in the air shoulders movin' side to side, smack it in the air smack it in the air, smack it, smack it in the air smack it in the air, smack it, smack it in the air wave your hands side to side, put it in the air wave your hands side to side, put it in the air clap, clap, clap, like you don't care smack that, clap, clap, clap, like you don't care wave ya hands side to side wave ya hands side to side wave ya hands from side to side wave ya hands side to side ooh wee bb freaky deaky, think me see she pink bikini rock that kufi, dye dashiki, nefertiti, edges kinky sweatin' out my blow out, sweatin' out my presses this trick about to go off, mad 'cause i'm so fresh fresher than you, i'm fresher than you fresher than you, ohembed"
8,Zoned,"i'm fucking gone right now i'm fucking gone right now listen, listen from the morning to the evening complaints from the tenants got the walls kicking like they six months pregnant drinking alize with our cereal for breakfast girls calling cabs at dawn quarter to seven sky's getting cold, we're flying from the north rockin' with our city like a sold out show house full of pros that specialize in the ho'in' make that money rain as they taking off they clothes order plane tickets cali is the mission visit every month like i'm split life living let the world listen if a hater's caught slipping then my niggas stay tight got my back like pippen fast life gripping yeah, we still tippin' codeine cups paint a picture so vivid fakes try to mimic get girls timid but behind closed doors they get poles so rigid all that money, the money is the motive all that money, the money is the motive all that money, the money she be folding girl, put in work, girl, girl, put in work girl, put in work, girl, girl, put in work girl, put in work push it to the limit push it through the pain i push it for the pleasure like a virgin to the game a virgin to that money a virgin to the fame so this my only chance and when i'm over only pray that i flow from the bottom closer to the top the higher that i climb the harder i'ma drop these pussy ass niggas tryna hold on to their credit so i tell them use a debit watch they image start to lessen i warn them like discretion why these niggas testing? always fucking testing why these niggas testing? shit that i got them on straight bar hopping to the music of the ambiance get shit popping zombies of the night niggas ain't talking if they hyping to the crew get it in like pockets downtown loving when the moon coming only place to find bassheads and hot women all that money, the money is the motive all that money, the money is the motive all that money, the money she be folding girl, put in work, girl, girl, put in work girl, put in work, girl, girl, put in work girl, put in work better slow down she'll feel it in the morning ain't the kind of girl you'll be seeing in the morning too damn raw, ain't no nigga with her rollin' ain't no nigga that she holding man, her love is too damn foreign look at all that money the money is the motive all that money the money she be folding girl, put in work, girl, girl, put in work girl, put in work, girl, girl, put in work all that money, the money is the motive all that money, the money is the motive all that money, the money she be folding girl, put in work, girl, girl, put in work girl, put in work, girl, girl, put in work girl, put in workembed"
9,Zoned,"la la la, la la la la la la stay with me la la la, la la la la la la stay with me stay with me, my dear walk with me, hold me near it's not as late as it seems, no, no so why'd you take your love away from me? la la la, la la la la la la stay with me la la la, la la la la la la stay with me in the morning light or the shades of white you're the only who tries so what's the meaning of saying goodbye? la la la , la la la la la la stay with me la la la, la la la la la la stay with me hold my hand, my dear treat me like your my own loving woman am i the only one you see? so why'd you take your love away from me? la la la la la la la la la stay with me la la la la la la la la la stay with me la la la , la la la la la la stay with me la la la, la la la la la la stay with me ooh, stay, baby ooh come on, come on, stayembed"
10,Zoned,"'nother 'nother 'nother you lift my heart up when the rest of me is down you, you enchant me even when you're not around if there are boundaries, i will try to knock them down i'm latching on, babe, now i know what i have found i feel we're close enough i wanna lock in your love i think we're close enough could i lock in your love, baby? now i've got you in my space i won't let go of you got you shackled in my embrace i'm latching on to you now i've got you in my space i won't let go of you got you shackled in my embrace i'm latching on to you i'm so encaptured, got me wrapped up in your touch feel so enamoured, hold me tight within your clutch how do you do it? you got me losing every breath what did you give me to make my heart beat out my chest? i feel we're close enough i wanna lock in your love i think we're close enough could i lock in your love, baby? i feel we're close enough i wanna lock in your love i think we're close enough could i lock in your love, baby? now i've got you in my space i won't let go of you got you shackled in my embrace i'm latching on to you now i've got you in my space i won't let go of you got you shackled in my embrace i'm latching on to you i'm latching on to you i won't let go of you i'm latching on to you i won't let go of you i won't let go, i won't let go i won't let go, i won't let goembed"
11,Zoned,"'nother 'nother 'nother you lift my heart up when the rest of me is down you, you enchant me even when you're not around if there are boundaries, i will try to knock them down i'm latching on, babe, now i know what i have found i feel we're close enough i wanna lock in your love i think we're close enough could i lock in your love, baby? now i've got you in my space i won't let go of you got you shackled in my embrace i'm latching on to you now i've got you in my space i won't let go of you got you shackled in my embrace i'm latching on to you i'm so encaptured, got me wrapped up in your touch feel so enamoured, hold me tight within your clutch how do you do it? you got me losing every breath what did you give me to make my heart beat out my chest? i feel we're close enough i wanna lock in your love i think we're close enough could i lock in your love, baby? i feel we're close enough i wanna lock in your love i think we're close enough could i lock in your love, baby? now i've got you in my space i won't let go of you got you shackled in my embrace i'm latching on to you now i've got you in my space i won't let go of you got you shackled in my embrace i'm latching on to you i'm latching on to you i won't let go of you i'm latching on to you i won't let go of you i won't let go, i won't let go i won't let go, i won't let goembed"
12,Zoned,"'nother 'nother 'nother you lift my heart up when the rest of me is down you, you enchant me even when you're not around if there are boundaries, i will try to knock them down i'm latching on, babe, now i know what i have found i feel we're close enough i wanna lock in your love i think we're close enough could i lock in your love, baby? now i've got you in my space i won't let go of you got you shackled in my embrace i'm latching on to you now i've got you in my space i won't let go of you got you shackled in my embrace i'm latching on to you i'm so encaptured, got me wrapped up in your touch feel so enamoured, hold me tight within your clutch how do you do it? you got me losing every breath what did you give me to make my heart beat out my chest? i feel we're close enough i wanna lock in your love i think we're close enough could i lock in your love, baby? i feel we're close enough i wanna lock in your love i think we're close enough could i lock in your love, baby? now i've got you in my space i won't let go of you got you shackled in my embrace i'm latching on to you now i've got you in my space i won't let go of you got you shackled in my embrace i'm latching on to you i'm latching on to you i won't let go of you i'm latching on to you i won't let go of you i won't let go, i won't let go i won't let go, i won't let goembed"
13,Zoned,"'nother 'nother 'nother you lift my heart up when the rest of me is down you, you enchant me even when you're not around if there are boundaries, i will try to knock them down i'm latching on, babe, now i know what i have found i feel we're close enough i wanna lock in your love i think we're close enough could i lock in your love, baby? now i've got you in my space i won't let go of you got you shackled in my embrace i'm latching on to you now i've got you in my space i won't let go of you got you shackled in my embrace i'm latching on to you i'm so encaptured, got me wrapped up in your touch feel so enamoured, hold me tight within your clutch how do you do it? you got me losing every breath what did you give me to make my heart beat out my chest? i feel we're close enough i wanna lock in your love i think we're close enough could i lock in your love, baby? i feel we're close enough i wanna lock in your love i think we're close enough could i lock in your love, baby? now i've got you in my space i won't let go of you got you shackled in my embrace i'm latching on to you now i've got you in my space i won't let go of you got you shackled in my embrace i'm latching on to you i'm latching on to you i won't let go of you i'm latching on to you i won't let go of you i won't let go, i won't let go i won't let go, i won't let goembed"
14,Zoned,"i know you're smart you spin me round like a knot you know the pieces, pieces of my heart sometimes its fun, you pull my strings one by one until you get me, get me, onto one lately i've been thinking if you wanna get tough then let's play rough lately i've been thinking if you wanna get tough then let's play rough i don't need you giving it straight to me, giving it straight to me you're just gonna get knocked back i don't need you telling me how to be, telling me how to be just gonna get knocked back just gonna get knocked back just gonna get knocked back just gonna get knocked back just gonna get knocked back back, back, back, back back, back, back, back... just noise, white noise just noise, white noise i'm hearing static, you're like an automatic you just wanna keep me on repeat and hear me crying just noise, white noise just noise, white noise i'm hearing static, you're like an automatic you just wanna keep me on repeat and hear me crying only you can look at me the way you do you always tint me, tint me black and blue such a shame, you frame me with such disdain you got me washed out, washed out colour drained lately i've been thinking if you wanna get tough then let's play rough lately i've been thinking if you wanna get tough then let's play rough i don't need you giving it straight to me, giving it straight to me you're just gonna get knocked back i don't need you telling me how to be, telling me how to be just gonna get knocked back just gonna get knocked back just gonna get knocked back just gonna get knocked back just gonna get knocked back back, back, back, back back, back, back, back... just noise, white noise just noise, white noise i'm hearing static, you're like an automatic you just wanna keep me on repeat and hear me cryingembed"
15,Zoned,second chance lyricstry me cause i'd be the one that makes you happyembed
16,Zoned,"defeated no more i just feel i let you go been cheated, i've been fooled but in my heart i'm glowing gold gotta let this fire keep burning 'cause i can't seem to let this show instead of running i keep it slow 'cause i won't let this take control got to get it, got got to get it got to get it, got got to get it on got to get it, got got to get it got to get it, got got to get it on defeated no more i stood and watched you take it all i'm healing, i'm reborn now i'm shaking off the cold gotta let this fire keep burning 'cause i can't seem to let this show instead of running i keep it slow 'cause i won't let this take control got to get it, got got to get it got to get it, got got to get it on got to get it, got got to get it got to get it, got got to get it on i can feel it working from the last you know i can feel it working from the last you know i can feel it working from the last you know i can feel it working from the last you know i know you think can you love? defeated no more i feel your shadow disappear i've pleaded and i've fought but now i know i'll make the rewards gotta let this fire keep burning 'cause i can't seem to let this show instead of running i keep it slow 'cause i won't let this take control got to get it, got got to get it got to get it, got got to get it on got to get it, got got to get it got to get it, got got to get it on i can feel it working from the last you know i can feel it working from the last you know i can feel it working from the last you know i can feel it working from the last you know i know you think can you love?embed"
17,Zoned,"gonna be you and me it's gonna be everything you you've ever dreamed it's gonna be who and me it's gonna be everything gonna be you and me gonna be everything you you've ever dreamed gonna be who and me gonna be everything eh-eh, eh-eh, eh-eh be, eh, eh have you gone off your love eh-eh, eh-eh have you gone off your love eh-eh, eh-eh have you gone off your love eh-eh, eh-eh have you gone off your love it's gonna be you and me gonna be everything you you've ever dreamed gonna be you and me gonna be everything eh-eh, eh-eh, eh-eh be, eh, eh have you gone off your love eh-eh, eh-eh have you gone off your love eh-eh, eh-eh have you gone off your love eh-eh, eh-eh have you gone off your love eh-ehembed"
18,Zoned,"i'm in love with the coco i'm in love with the coco i got it for the low, low i'm in love with the coco i'm in love with the coco i'm in love with the coco i got it for the low, low i'm in love with the coco hit my plug, that's my cholo cause he got it for the low, low if you snitchin' i go loco hit you with that treinta ocho niggas thinkin' that i'm solo fifty deep, they like, oh, no heard the feds takin' photos i know nothin', fuck the po-po bakin' soda, i got bakin' soda bakin' soda, i got bakin' soda whip it through the glass, nigga i'm blowin' money fast, nigga i'm in love with the coco i'm in love with the coco i got it for the low, low i'm in love with the coco i'm in love with the coco i'm in love with the coco i got it for the low, low i'm in love with the coco , that's a kilo need a brick, miss my free throw i'm in love, just like ne-yo bustin' shots, now he neo free my homies, fuck the c.o. fuck the judge, fuck my p.o. all this coke, like i'm nino water whip, like i'm nemo bakin' soda, i got bakin' soda bakin' soda, i got bakin' soda whip it through the glass, nigga i'm blowin' money fast, nigga i'm in love with the coco i'm in love with the coco i got it for the low, low i'm in love with the coco i'm in love with the coco i'm in love with the coco i got it for the low, low i'm in love with the coco.kembed"
19,Zoned,"yeah, that's me right there that's me right there nobody gotta tell me how to do it i took it from this life, i can hold it down i can't even lie, i'm the truest put that on everything, on everything what can i say? anytime, anyplace i be on it not many know what it takes how to handle this lady, i own it baby believe me this won't ever stop i can make this look easy, got this on lock yeah, that's me right there yeah, that's my man yeah, that's me right there can't nobody love that man like i love that man that's me right there that's me right there i ain't never goin' nowhere we ain't ever goin' no where that right there that's me right there ah, what you want with it i, recognize that you're on with it i put your name in a song with it emoji through the phone with it i menage, nothing wrong with it and now we're late, when we gon' get it we up early in the morn' with it early in the morn' with it i brace yourself, baby rate yourself but i know its only ten better you save yourself ain't no crying when that headboard start to bend no lie, - for the game, we shoot uzis cinematic, might claim this on a movie pg- don't please me, p.s. no bs, i'm usually teasing myself or somethin' like nananana once i get it i'm a selfish one like nananana jasmine only ride aladdins like nananana then i'mma cuff that like one time only one time i'mma tell you, i'm baby believe me this won't ever stop i can make this look easy, got this on lock yeah, that's me right there yeah, that's my man yeah, that's me right there can't nobody love that man i gotta love that man that's me right there that's me right there i ain't never goin' nowhere we ain't ever goin' no where that right there that's me right thereembed"
20,Zoned,"tahahaha i got a lotta cash i don't mind spending it tahaha, yeah do you like theway i flick my tongue or nah? you can ride my face until you're drippin' cum can you lick the tip then throat the dick or nah? can you let me stretch that pussy out or nah? i'm not the type to call you back tomorrow but the way you wrapping 'round me is a problem ain't nobody tryna save ya, baby, get that paper probably got a lot of other bitches owe you favors pussy so good, had to save that shit for later took her to the kitchen, fucked her right there on the table she repping xo to the death i'm tryna make these bitches sweat i'm tryna keep that pussy wet i'm tryna fuck her and her friends you gonna run it for these hunnids, girl, or nah? show me, is you really 'bout your money, girl, or nah? don't play with a boss, girl, take it all take it for a real one, you gon' get it all is you really 'bout your money or nah? can you really take dick or nah? can i bring another bitch or nah? is you with the shits or nah? or nah, or nah would you ride for a nigga or nah? would you die for a nigga or nah? would you lie to a nigga or nah? or nah, or nah can you really take dick or nah? can i bring another bitch or nah? is you with the shits or nah? or nah, or nah would you ride for a nigga or nah? would you die for a nigga or nah? would you lie to a nigga or nah? or nah i'ma smoke this joint then i'ma break you off i be lying if i said you ain't the one all these tattoos in my skin, they turn you on lotta smoking, drinking, that's the shit i'm on heard you not the type that you take home to mom is we fucking when we leave the club or nah? i ain't spending cash for nothing i wanna see you take it off i'ma pop this bottle, you gon' give me brain or nah? heard you from the hood, you rep that thing or nah? gotta lotta ass, you gon' shake that thing or nah? heard you smoke blunts, you down with paper planes or nah? i feel like i'm tony, you my boss? i'm thinking nah the whole world i take it on you gonna run it for these hunnids, girl, or nah? show me, is you really 'bout your money, girl, or nah? don't play with a boss, girl, take it all take it for a real one, you gon' get it all is you really 'bout your money or nah? can you really take dick or nah? can i bring another bitch or nah? is you with the shits or nah? or nah, or nah would you ride for a nigga or nah? would you die for a nigga or nah? would you lie to a nigga or nah? or nah, or nah can you really take dick or nah? can i bring another bitch or nah? is you with the shits or nah? or nah, or nah would you ride for a nigga or nah? would you die for a nigga or nah? would you lie to a nigga or nah? or nah girl, make that ass clap for young dollar sign you already know my money go a long time i could slide for it, like nelly i'ma go as far as you let me girl, is you sucking me or fucking me or nah? can i bring another bitch? let's have a threesome keep saying you's a freak, you gon' prove it or nah? his bitch keep looking at me, she choosin' or nah? you's a ride-or-die chick, you with this shit or nah? say you not a side bitch, you all-in or nah? you gon' make them eggs cheesy with them grits or nah? can you do it like that, on this dick or nah? you gonna run it for these hunnids, girl, or nah? show me, is you really 'bout your money, girl, or nah? don't play with a boss, girl, take it all take it for a real one, you gon' get it all is you really 'bout your money or nah? can you really take dick or nah? can i bring another bitch or nah? is you with the shits or nah? or nah, or nah would you ride for a nigga or nah? would you die for a nigga or nah? would you lie to a nigga or nah? or nah, or nah can you really take dick or nah? can i bring another bitch or nah? is you with the shits or nah? or nah, or nah would you ride for a nigga or nah? would you die for a nigga or nah? would you lie to a nigga or nah? or nah gon and make that ass clap gon and make that ass clap ma-ma-make that ass clap gon and make that ass clapembed"
21,Zoned,"keep it real with your dogs no matter what dolph, it's the boss my uncle back, dad, look at all the work he did shawty got a man, taught her how to work the yeah topic of the gossip at the nail shop a lotta traffic, time to get another mailbox trap bumpin', good enough to go to hell 'bout caught a case and sold a brick outside the jailhouse outside of the jailhouse outside of the jailhouse dom p, that's for you suckers, we on belaire we in the corner with them killers, homie, hell yeah hundred niggas, but all it took him was one glock gang signs, then all you heard was the gun shots bang, now you wanna do the duck walk candy paint got me lookin' like duck sauce ten-piece shawty and i run the game double- m worth more than two hundred thangs keep it real with your dog no matter what same bitch that claim she love you, she'll set you up out here in these streets, it ain't no such thing as love the only thing i trust is this pistol and these slugs real nigga shit only what i do and speak if that nigga don't work, he a fuckin' leech i ain't got shit for a nigga ain't nothin' in this motherfuckin' world free i don't fuck with these niggas 'cause they shady these bitches, they just wanna have my baby born in the 's, crack baby mama, she was in the streets, so guess who raised me? you motherfuckin' right couldn't get it from my mama, so i got it off the block been workin' my whole life, but i ain't never punched a clock nine years old, i seen a nigga get shot, damn niggas quick to run they mouth when they get jammed pussy-ass nigga tell it on his own fam the same nigga that you break your neck for be the same nigga that cross you out and wet you up 'posed to be chasin' money, but you chasin' bitches real bosses don't talk, we just sit back and listen stack that paper up and then make boss moves she like to argue, so i sent that bitch to law school keep it real with your dog no matter what same bitch that claim she love you, she'll set you up out here in these streets, it ain't no such thing as love the only thing i trust is this pistol and these slugs real nigga shit only what i do and speak if that nigga don't work, he a fuckin' leech i ain't got shit for a nigga ain't nothin' in this motherfuckin' world free i don't trust no nigga or bitch stick to the code, stay focused, get rich i'm 'bout to mix this arm & hammer with this holy water i'm talkin' four and a baby, guess the yayo had a daughter from the lock to the shop, told 'em cut the head off you know the motto, ball 'til the feds cut your bread off let me take a second, welcome ronnie woods home yeah, this one for memphis, talkin' ronnie woods home if you're prayin' for my fall, you deserve to see me ballin' chain lookin' like it came from bourbon street, new orleans keep your frenemies close, keep that cal closer they call me jeezy montana when i bought that white poster timid-dick nigga fall in love with the pussy nigga cross me, i got no love for the pussy green for the money, owe my dog one thing first to put a hundred thousand in them sean john jeans, huh? preach, huh? keep it real with your dog no matter what same bitch that claim she love you, she'll set you up out here in these streets, it ain't no such thing as love the only thing i trust is this pistol and these slugs real nigga shit only what i do and speak if that nigga don't work, he a fuckin' leech i ain't got shit for a nigga ain't nothin' in this motherfuckin' world free cross my heart, hope to die, nigga put my hand on the motherfuckin' bible, nigga if i ain't keep it one thousand, nigga like a whole thing, haha, yeah no scale, we sell it retail, haha nigga, fuck the po, we like, fuck jail you know what i'm talkin' 'bout? preach, nigga amen embed"
22,Zoned,"baby, baby lyricswhen i'm alone in my room i sit and stare at the wall brother can't find no love at all i'm gonna find you girl someway, somehow i need you right now! search the world, but couldn't find that feeling cause your love is a one in a million cause i like the way that you and i like the way you and you really make it i said woof, woof, woof, woof, cause you're on my mind, on my thoughts let me see your body talk i'm makin love on a whole 'nother level have you ever danced with the devil? when i'm around you i feel like this a kiss is just a kiss baby, baby! oh, work it on me baby, bab!y i need your l-o-v-e baby, baby! baby, baby! baby, baby! and i want you to know that cause i'm a lover, niggas talk shit i wish them punks would get up off my dick cause they try me, and they push me i'm fuckin these niggas like pussy but a nigga ain't gay i said uh uh uh, it's your birthday same ho talk about i'm a busta yeah, i fucked her i rocked her world i said she use to be, use to be my girl for just one night, i said uh that face wa tight she said i think i'm stevie wonder well i'd like to thank your momma when i'm around you i feel like this a kiss is just a kiss well, you can blame it on the lover in me the heavy weight cut of the champion ali and in the hood i'm a menace hold on, sit down, let me talk, let me finish i get that ass keep the camera rollin, i'm kinda fast get all the girls, and i shock the world why'd humpty dumpty have to fall? cause he was freakin off the wall and it be like that when you be trying, to break that back i give my number to the ladies cause i would love to love you baby when i'm around you i feel like this a kiss is just a kiss xembed"
23,Zoned,"this song don't forget the killa i hop out that hooptie just to bang heavy metal that ain't nofooton the floor,my eyes are christian dior like i'mthe baddest bitch in here, why you pressin' me for? hold up, i pray the universe will help me get my cash up that's on me, though, need to go and get my ass up go to work, my bloodline mexican she send that text again, askin' for the sex again, well, darling, can we just pretend? it never happened, i was never in your mansion booted off the perico, it kept the boy from crashin' on those nights i really needed rest now what's the issue, are you happy, are you sad, are you angry, do you feel depressed? you can never love me, big d or leave the country you were only here for champagne and the fact i'm bubblin', troublin', see my net worth doublin' and there's a chance it triples or it trickles like the drip at am when we got coca sniffles i'd rather be with you or be alone or bootsy collins ignore the fact that you exist, i hear the money callin' if you miss me so much, why you with somebody else? no reply, it's how it happens, then we say, goodbye this that celibate summer nobody gets fucked except for my bank accounts look but don't touch this that celibate summer nobody gets fucked except for some commas look but don't touch hold up aloe vera heavy shootin' anesthetics as if i wanna die, bitch, i been ready where's that magic, girl, you practice breweria? well check your fuckin' fortune teller, bitch, i'm lookin', i don't see ya are you off that yayo? you blew the payroll it doesn't matter if it's cash under the table now we drippin' like a chemist in that v plus this that celibate summer, i guess nobody gets fuckedembed"
24,Zoned,"it's a major move right here, baby you gotta get with it or get lost, you understand yeah, it's young lloyd reporting live from atlanta, georgia weezy f. baby, decatur where it's greater and uh, i want all my sexy ladies to report to the dance floor immediately we gon' golden glide this one y'all, speak weezy right off the bat ma, the boy got dollars so women come frequent like flight mileage it ain't no secret, i i might holla but i ain't gonna sweat ya, baby, i'ma let you catch up with your game, run faster don't let him lose you 'cause i ain't gon' bless ya unless you feeling a lil' desperate send a nigga a text message, girl stop, wait a minute the way you move that girl you done got my heart all in it and i just wanna be with you tonight girl, please i'm a player, yeah, it's true but i change the game for you i wanna see what it do can i be for real? this is how i feel i'm in need of love so let's dip up out of here ooh, you're just my type everything's so right and i just wanna chill so let's dip up out of here let's dip up out of here ha, ha-ha ha, ha she's fine too but i want you ha, ha, ha-ha ha, ha she's fine too but i want you i'll admit it this just ain't no game these just ain't words that i'm spitting if you could see the thoughts that's in my head i'm tripping i'm a player, yeah, it's true but i'll change the game for you see what i do, ooh can i be for real? this is how i feel i'm in need of love so let's dip up out of here ooh, you're just my type everything's so right and i just wanna chill so let's dip up out of here let's dip up out of here ha, ha-ha ha, ha she's fine too but i want you ha, ha, ha-ha ha, ha she's fine too but i want you yeah, weezy f. baby, the key to the ladies keys to the 'cedes, but please say the baby weed and patron, even in the a.m. we should be alone, we can get a day in you like what i'm saying, then come around the way and we can go inside and stay in tell the homeboy you staying, you've been taken gone, turn me on, and i'ma turn him you know i love you like cooked food you know you fucking with a good dude you know you give good brain like you graduated from a good school you know i'm a good move, you should do me, so hey, shawty, what it is? tha carter who it is, and shawty do it big a party at my cribthat's a party in the hills you call it what you want, but she gon' call it what she feel ow! can i be for real? this is how i feel i'm in need of love so let's dip up out of here ooh, you're just my type everything's so right and i just wanna chill so let's dip up out of here let's dip up out of here ha, ha-ha ha, ha she's fine too but i want you ha, ha, ha-ha ha, ha she's fine too but i want you i ain't nothing but a nonviolent nigga, you know what i mean? street love, big love, c'mon me and lil' lloyd, baby long hair, don't care yo, what up, ryan? i see you baby, yeah it's major moves right here, baby i ain't talking fastit's just, you listening slow, you know what i mean? you ain't tryna hear me, then don't heard me, i'm up outta here i ain't being mean, but you so mean in them jeans, you know what i mean? so what you want me to do? youembed"
25,Zoned,"new music tuesday // lyricsb.o.b - not for long grace mitchell - broken over you logic - buried alive jessie j - sweet talker foo fighters - something from nothing cedric gervais - through the night little may - boardwalks priory - put 'em up little big town - quit breaking up with me peking duk - high kiesza - losin' my mind soak - b a nobody waters - over it florida georgia line - smile the swon brothers - pretty beautiful we were promised jetpacks - peaks and troughs big k.r.i.t. - cadillactica avivaa - crystaleyes andrew mcmahon in the wilderness - see her on the weekend sixx:a.m. - gotta get it right etnik - unclassified josef salvat - open season stars - trap door emile haynie - falling apart mariachi el bronx - wildfires alunageorge - supernatural elliphant - purple light foxygen - coulda been my love wild party - outright lucius - until we get there u - sleep like a baby tonight jessie j - you don't really know me kindness - who do you love? feat. robyn ok go - turn up the radio frazey ford - september fields the lone bellow - then came the morning youme - unbeliever estelle - silly girls dillon francis - set me free the bears - not this time mackintosh braun - the city below the bots - all i really want mexico city blondes - colors birthday boy - the greatest party emile haynie - a kiss goodbye kele - silver and gold hoodie allen - numbers field report - decision day wampire - wizard staff the new basement tapes - spanish mary fyfe - holding on maxine ashley - perpetual nights cedric gervais - love again fall out boy - immortals - from big hero "" guster - never coming down the doobie brothers - listen to the music - with blake shelton and hunter hayes on guitarembed"
26,Zoned,"never been the searchin' type, no, not me friends always said i was too naughty 'cause i love with all i've got never think of holdin' back i won't let fear control me i've come to know a little 'bout love, you see? i know it don't come around every day, especially for me so i'm standin' here, playin' for keeps and i hope you feel the same about me could you be? be the one for me that is really all i need someone to love me unconditionally could this be? be the one for me that is really all i need someone i can love unconditionally never been the frontin' type cause i believe what you put up is what you will receive and i'm giving everything i've got to give it's the only way i know how to live and i've been through ups and downs and heartbreaks and lonely nights and even when tears was dryin' my soul was steady cryin' but i'll never give up on this thing no matter what the joy or pain could you be? be the one for me that is really all i need someone to love me unconditionally could this be? be the one for me that is really all i need someone i can love unconditionally is this reality or am i dreaming? 'cause what i feel right now may not be what i see are you the one that i've been waiting for? and if you are, my heart's all yours could you be? be the one for me that is really all i need someone to love me unconditionally could this be? be the one for me that is really all i need someone i can love unconditionally could you be? be the one for me that is really all i need someone to love me unconditionally could this be? be the one for me that is really all i need someone i can love unconditionallyembed"
27,Zoned,"i'm just sittin' in the studio just tryna get to you, baby but this song so fuckin' dope, girl, it's harder not for me to blaze it to tell the truth, wish it was you in this booth that i was blazin' so i'm just sittin' in the studio just tryna get to you, baby see i've been in the studio just tryna get to you, baby all night layin' verses though i'd rather lay with you, baby bra and panties matchin', nail and toes, you all kinda lady angel out of heaven, such a goddess have a nigga prayin' i'm just sittin' in the studio just tryna get to you, baby but this song so fuckin' dope, girl, it's harder not for me to blaze it to tell the truth, wish it was you in this booth that i was blazin' so i'm just sittin' in the studio just tryna get to you, baby you need a real nigga, shorty so come and throw that pussy, shorty see i think you and me can make it this little verse to get you naked see, your heart ain't meant for breaking cupid's never been mistaken see, i been caught up in the moment shit, my type ain't quite her type but now this gangsta nigga on it she can twist my weed and hit the 'yac i can hit your type without the hat, put that pussy on the map i see qualities in a bad girl, i know that ass you got come with attitude and your swag, girl, you ain't wrong, girl just when that door knock lose your thong, girl 'cause you girl, 'cause you girl, girl, 'cause you girl, girl 'cause you girl, girl... i'm just sittin' in the studio just tryna get to you, baby but this song so fuckin' dope, girl, it's harder not for me to blaze it to tell the truth, wish it was you in this booth that i was blazin' so i'm just sittin' in the studio just tryna get to you, baby throw a loc your pussy, girl, you knowing that your nigga faded can i hit that pussy way i wanna while this record playing? put my tongue in different places, play a game of operation uh, like, na-na-na, la-la, la-la, you get what i'm saying no metaphors, nothing like that i'm keeping it straight to the point with you so, i'ma put this dick up all in-side-of-you i'm just sittin' in the studio just tryna get to you, baby but this song so fuckin' dope, girl, it's harder not for me to blaze it to tell the truth, wish it was you in this booth that i was blazin' so i'm just sittin' in the studio just tryna get to you, baby i'm just sittin' in the studio just tryna get to you, baby but this song so fuckin' dope, girl, it's harder not for me to blaze it to tell the truth, wish it was you in this booth that i was blazin' so i'm just sittin' in the studio just tryna get to you, babyembed"
28,Zoned,"too many bottles of this wine we can't pronounce too many bowls of that green, no lucky charms the maids come around too much parents ain't around enough too many joy rides in daddy's jaguar too many white lies and white lines super rich kids with nothing but loose ends super rich kids with nothing but fake friends start my day up on the roof there's nothing like this type of view point the clicker at the tube i prefer expensive news new car, new girl new ice, new glass new watch, good times babe it's good times, yeah she wash my back three times a day this shower head feels so amazing we'll both be high, the help don't stare they just walk by, they must don't care a million one, a million two a hundred more will never do too many bottles of this wine we can't pronounce too many bowls of that green, no lucky charms the maids come around too much parents ain't around enough too many joy rides in daddy's jaguar too many white lies and white lines super rich kids with nothing but loose ends super rich kids with nothing but fake friends real love, i'm searching for a real love oh, real love, i'm searching for a real love oh, real love alright, close your eyes to what you can't imagine we are the xanny-gnashing caddy-smashing, bratty assy he mad, he snatched his daddy's jag and used the shit for batting practice adamant and he thrashing purchasing crappy grams with half the hand of cash you handed panic and patch me up pappy done latch-keyed us toying with raggy anns and mammy done had enough brash as fuck, breachin' all these aqueducts don't believe us treat us like we can't erupt, yup polo sweats and hermes blankets them label hoes be stealing my shit and all they clothes revealing they tits pills, high enough to touch the rim in that bitch we party in my living room 'cause father is gone and he left me this empire that runs on its own so all i got to do is whatever the fuck i want all we ever do is whatever the fuck we want we end our day up on the roof i say i'll jump, i never do but when i'm drunk i act a fool talking 'bout, do they sew wings on tailored suits i'm on that ledge, she grabs my arm she slaps my hand it's good times, yeah sleeve rips off, i slip, i fall the market's down like stories and some don't end the way they should my silver spoon has fed me good a million one, a million cash close my eyes and feel the crash too many bottles of this wine we can't pronounce too many bowls of that green, no lucky charms the maids come around too much parents ain't around enough too many joy rides in daddy's jaguar too many white lies and white lines super rich kids with nothing but loose ends super rich kids with nothing but fake friends real love, ain't that something rare i'm searching for a real love, talking 'bout real love real love, yeah real love i'm searching for a real love talkin' 'bout a real loveembed"
29,Zoned,chris brown videography lyricswhose girl is that run it! yo gimme that say goodbye shortie like mine wall to wall kiss kiss this christmas with you shawty get loose no air take you down forever get like me what them girls like head of my class make the world go round superhuman freeze better on the other side drop it low i can transform ya crawl back to the crib holla at me g shit deuces no bullshit make a movie yeah x yesterday ain't thinkin' 'bout you get back up champion look at me now beautiful people another planet one night stand all about you spend it all real hip hop shit # my last your body real hip hop shit my last yoko she ain't you best love song should've kissed you better with the lights off snapbacks back next to you pot of gold body body niggas in paris international love strip another round why stop now turn up the music right by my side how i feel take it to the head sweet love till i die i can only imagine don't wake me up function put it down mercy algo me gusta de ti celebration everyday birthday don't judge me home green goblin fine china ready beat it for the road don't think they know love more shots fired sweet serenade it won't stop show me episode hold you down loyal memory new flame don't be gone too long only autumn leaves she wildin' ayo post to be five more hours don't kill the fun private show how many times you changed me bitches n marijuana fun do it again all eyes on you body on me play no games put on my niggas moses ain't shit change liquor zero gold slugs player sorry fine by me back to sleep wrist anyway picture me rollin' little more i'm the man paradise drifting wishing grass ain't greener bounce no romeo no juliet do you mind leave broke party hold up privacy i think of you i see you pie tone it down questions pills & automobiles perfect post & delete jiu jitsu high end just as i am flipmode melanin magic stranger things tempo freaky friday save it for me i don't die hope you do to my bed love you better left right fairytale attention overdose undecided just let go chi chi back to love light it up jealous wobble up haute type a way easy no guidance blow my mind heat restroom occupied put in work go crazy say you love me city girls provide f.e.e.l.s already best friends go crazy come through angles baddest shopping spree nostalgico embed
30,Zoned,"i'ma care for you i'ma care for you, you, you, you you make it look like it's magic 'cause i see nobody, nobody but you, you, you i'm never confused hey, hey i'm so used to bein' used so i love when you call unexpected 'cause i hate when the moment's expected so i'ma care for you, you, you i'ma care for you, you, you, you, yeah 'cause girl, you're perfect you're always worth it and you deserve it the way you work it 'cause girl, you earned it, yeah girl, you earned it, yeah you know our love would be tragic so you don't pay it, don't pay it no mind, mind, mind we live with no lies hey, hey you're my favorite kind of night so i love when you call unexpected 'cause i hate when the moment's expected so i'ma care for you, you, you i'ma care for you, you, you, you, yeah 'cause girl, you're perfect you're always worth it and you deserve it the way you work it 'cause girl, you earned it, yeah girl, you earned it, yeah on that lonely night we said it wouldn't be love but we felt the rush it made us believe it was only us convinced we were broken inside, yeah, inside, yeah 'cause girl, you're perfect you're always worth it and you deserve it the way you work it 'cause girl, you earned it, yeah girl, you earned it, yeah na-na-na-na-na oh-oh-oh yeah, yeah 'cause girl, you're perfect the way you work it you deserve it girl, you deserve it girl, you earned it, yeah, yeahembed"
31,Zoned,"i know you got all dressed up for the club waiting on them to come pick you up baby, ooh, when i saw ya walking out the door ooh, i just knew ya needed something more now whip it straight back to the crib, ay finna give you something that you won't forget, no baby, ooh, i just wanna get you out them clothes ooh, i just wanna see you dance in slow motion we can take, we can take, we can take our time, baby in slow motion we can take, we can take, we can take our time, stay here in slow motion so shawty, let your hair down and take a sip gon' put this joint between your lips baby, ooh, why don't you make yourself comfortable? ooh, while i go and put this tongue on you so tell me when you ready, i'ma speed it up for you just for a second just for a second, then i'ma slow it back down and keep it steady ooh baby, now that you are out them clothes ooh, i just wanna see you dance in slow motion we can take, we can take, we can take our time, baby in slow motion we can take, we can take, we can take our time, stay here in slow motion oh darling, i just wanna get you out them clothes oh, i just wanna see you dance in slow motion slow motion we can take, we can take, we can take our time, baby in slow motion we can take, we can take, we can take our time, stay hereembed"
32,Zoned,"aye get fucked up drink a little bit, smoke a little bit, pop a little bit, aye get fucked up drink a little bit, smoke a little bit, pop a little bit, aye get fucked up we ain't doing much tryna have a good time got bad bitches man the pleasures all mine girls kissin' girls best believe they all fine gir-girls kissin' girls best believe they all fine let go, let go, let go, let go what you doin'? drink a little bit, smoke a little bit, pop a little bit, aye get fucked up drink a little bit, smoke a little bit, pop a little bit, aye get fucked up bad bitches, man the pleasure all mine we ain't doin' nothing, tryin' to have a good time roll around the city, porsche seats on recline bad bitches fuckin' at the same time bitch named keisha got an ass like a bubble feed her m&m's, watch it turn to some trouble two hands on the ball, shorty just doubled once i get mine i ain't trying to cuddle all in the party hippy trippy off the henny jar full of weed, baby girl i got plenty break fast for the chick like i work at denny's shawty where the shots i need many, many, many molly in the system, drinkin' out the bottle shorty goin' in, going hard full throttle instagram likes got her feeling like a model if you looking' for the drugs, don't worry i got em aye get fucked up drink a little bit, smoke a little bit, pop a little bit, aye get fucked up drink a little bit, smoke a little bit, pop a little bit, aye get fucked up we ain't doing much tryna have a good time got bad bitches man the pleasures all mine girls kissin' girls best believe they all fine gir-girls kissin' girls best believe they all fine let go, let go, let go, let go what you doin'? drink a little bit, smoke a little bit, pop a little bit, aye get fucked up drink a little bit, smoke a little bit, pop a little bit, aye get fucked up shot number got her still talking sober molly got her ass wide awake no folgers aye what it is diego bring the doja one more shot, i'm in that hole like a gopher smoke, smoke, smoke drink, drink, drink bitch i'm getting money give a damn what you think one more shot, hella bent, might faint super lit hit it ho going hard in the paint fruit rolling up he ain't ran out of yet boutta take off, my migos offset rolled up the blunt, got a dutch full of shrek said that she want more, guess she ain't done yet green green green mean mean mean bad bitch kissin' i ain't tryin' to intervene if you gone do it baby do it for the team and it's on blowing strong money long, limousine aye get fucked up drink a little bit, smoke a little bit, pop a little bit, aye get fucked up drink a little bit, smoke a little bit, pop a little bit, aye get fucked up we ain't doing much tryna have a good time got bad bitches man the pleasures all mine girls kissin' girls best believe they all fine gir-girls kissin' girls best believe they all fine let go, let go, let go, let go what you doin'? drink a little bit, smoke a little bit, pop a little bit, aye get fucked up drink a little bit, smoke a little bit, pop a little bit, aye get fucked upembed"
33,Zoned,"dress it up and make it real for me hahaha whatever that fuckin' mean dirty soda in a styrofoam spend a day to get my mind blown dress it up and go to nasa two hundred miles on the dash gotta roll a pound up and gas it switchin' lanes in a grand rapid we the ones that kept it cool with all these niggas 'til these niggas started actin' shoot a nigga like a film, made a movie nigga, go'n let 'em have it we ballin' like the march madness all these cops shootin' a nigga, tragic i'm the one that's livin' lavish like i'm playin' for the mavericks i didn't wanna fuck the bitch the molly made me fuck her even though she average dirty muddy in the cup the by my gut my young nigga in the cut take you out for some jordans let's count this money, no rushin' i'm on a one way flushin' loud pack smellin' musty these fuckin' police can't touch me these bogus police can't touch me these fuckin' niggas can't touch me apply the pressure with the vvs i drive the foreign like it was a chevy drive the foreign like it was a chevy lift it up and go'n and offset it fuck a cougar like she halle berry future hendrix, dirty sprite, legendary dirty soda in a styrofoam spend a day to get my mind blown dress it up and go to nasa two hundred miles on the dash gotta roll a pound up and gas it switchin' lanes in a grand rapid we the ones that kept it cool with all these niggas 'til these niggas started actin' shoot a nigga like a film, made a movie nigga, go'n let 'em have it we ballin' like the march madness all these cops shootin' a nigga, tragic i'm the one that's livin' lavish like i'm playin' for the mavericks i didn't wanna fuck the bitch the molly made me fuck her even though she average fuck on a basic bitch we gon' wake up and smoke us a blunt and fuck she gon' keep it so real with a nigga that i'ma come back and always gon' fuck with her bend the curve in a spur like a marta bus i was workin' and servin' in nautica i get high 'til i'm higher than mercury fuck around, teach you that recipe fuck around, you gon' be out of here make her say, huh, like a nigga was juvie soon as that work hit the city, we move it post up in onyx and shoot us a movie post up in onyx and shoot us a movie take the tool inside the club and just in case a nigga ever gotta use it get a pint of codeine, pour it up, nigga dirty soda in a styrofoam spend a day to get my mind blown dress it up and go to nasa two hundred miles on the dash gotta roll a pound up and gas it switchin' lanes in a grand rapid we the ones that kept it cool with all these niggas 'til these niggas started actin' shoot a nigga like a film, made a movie nigga, go'n let 'em have it we ballin' like the march madness all these cops shootin' a nigga, tragic i'm the one that's livin' lavish like i'm playin' for the mavericks i didn't wanna fuck the bitch the molly made me fuck her even though she average these bogus police can't touch me these fuckin' niggas can't touch me apply the pressure with the vvs i drive the foreign like it was a chevy drive the foreign like it was a chevy lift it up and go'n and offset it fuck a cougar like she halle berry future hendrix, dirty sprite, legendary dirty soda in a styrofoam spend a day to get my mind blown dress it up and go to nasa two hundred miles on the dash gotta roll a pound up and gas it switchin' lanes in a grand rapid we the ones that kept it cool with all these niggas 'til these niggas started actin' shoot a nigga like a film, made a movie nigga, go'n let 'em have it we ballin' like the march madness all these cops shootin' a nigga, tragic i'm the one that's livin' lavish like i'm playin' for the mavericks i didn't wanna fuck the bitch the molly made me fuck her even though she averageembed"
34,Zoned,"my name calling all night i can pull the wool while i'm being polite like, darling calling all night i can be a bull while i'm being polite like, oh me, oh me oh my i know many women want to be in my life like, oh me, oh me oh my why can't every woman end up being my wife? even if she go away, even if she go away even if she go away, even if she go away i'm a classic man you can be mean when you look this clean, i'm a classic man calling on me like a young og, i'm a classic man your needs get met by the street, elegant old fashioned man yeah baby i'm a classic man i burn through the hood like whoa when everybody's feeling so cold i cool like nat king cole and niggas get a bit of my glow i got charm like a leprechaun, mummafunka now y'all fucking with the wrong mummafunka chief be like a don, mummafunka and we don't live by the law, mummafunka even if she go away, even if she go away even if she go away, even if she go away i'm a classic man you can be mean when you look this clean, i'm a classic man calling on me like a young og, i'm a classic man your needs get met by the street, elegant old fashioned man yeah baby i'm a classic man i burn through the gate like whoa and everybody get in, we know i love life, living like gold and niggas wanna get in my glow i got mad love for my crew, mu'fucker i'm the- i'm the man, who you mu'fucker? shine bright like a jewel, mummafunka even under fire i'm cool, mummafunka even when she go away, even when she go away even when she go away, even when she go away i'm a classic man you can be mean when you look this clean, i'm a classic man calling on me like a young og, i'm a classic man your needs get met by the street, elegant old fashioned man yeah baby i'm a classic man keep my gloves dirty but my hands clean got to keep the business in the family breadwinner filling up the pantry now my niggas slang cane like a dandy i tell you how it go you pull out rubber bands, i pull out an envelope the ladies on my elbow ain't for the show every madame on my team is a top general, oh got to be ready for war, war should they get into my door, door? get 'em, we'll get 'em, i know that we'll get 'em cause i lived through this shit before, oh i'm a classic man you can be mean when you look this clean, i'm a classic man calling on me like a young og, i'm a classic man your needs get met by the street, elegant old fashioned man yeah baby i'm a classic man i'm a classic man i'm a classic man i'm a classic man old fashioned man i'm a classic manembed"
35,Zoned,"hey, oh, there it is, there it is, there it is there it is, there it is walked in, thirty thousand in my pocket had them niggas just like, ooh, ooh, ooh dollars on your bitch, wanna fuck me got her screamin' like, ooh, ooh, ooh, ooh cause i got a check, nigga wanna flex i ain't gotta flex, boy i got it, ooh, ooh, ooh, ooh give that ho some x, she gon' wanna sex every nigga in the set and now she screamin' like ooh, ooh, ooh made two million dollars off a mixtape and i'm fucking like, ooh, ooh, ooh they try to drop me with a case but you know i had done skated i was singing like, ooh, ooh, ohh boy, i know my role and i play it if you heard that i'm talking, then i said it at the top of the loft nigga, i stay i'm a bad boy but i don't wear big clothes like mae in the club and a nigga get it boppin' and that ho, she want a free drink, tell the bitch to get up off me i'm the nigga to get it poppin', her hair short like dennis rodman at the clearport nigga, we flying, when i landed, boy i walked in, thirty thousand in my pocket had them niggas just like, ooh, ooh, ooh on your bitch, wanna fuck me got her screamin' like, ooh, ooh, ooh, ooh cause i got a check, nigga wanna flex i ain't gotta flex, boy i got it, ooh, ooh, ooh, ooh give that ho some x, she gon' wanna sex every nigga in the set and now she screamin' like, ooh, ooh, ooh just in two days i don't fuck with niggas cause they two-faced i only fuck with bitches for their toupee these givenchys, i ain't worried about no new jays know this bitch who got a sack and she always got my back so i love that shit the most i'm her big dog and she my cat, and she love it from the back call her green cause she on go i wear glasses cause i know these niggas watchin' they mad cause they cannot stop me boy stopping is not a option, i can't help it cause i got it don't waste time, i got six watches talkin' rolex, yeah, i bought 'em now i'm at the top, started from the bottom, then i walked in, thirty thousand in my pocket had them niggas just like, ooh, ooh, ooh on your bitch, wanna fuck me got her screamin' like, ooh, ooh, ooh, ooh cause i got a check, nigga wanna flex i ain't gotta flex, boy i got it, ooh, ooh, ooh, ooh give that ho some x, she gon wanna sex every nigga in the set and now she screamin' like, ooh, ooh, ooh made two million dollars off a mixtape, had them folks like, ooh, ooh, ooh hey, get at meembed"
36,Zoned,"this song don't forget the killa i hop out that hooptie just to bang heavy metal that ain't nofooton the floor,my eyes are christian dior like i'mthe baddest bitch in here, why you pressin' me for? hold up, i pray the universe will help me get my cash up that's on me, though, need to go and get my ass up go to work, my bloodline mexican she send that text again, askin' for the sex again, well, darling, can we just pretend? it never happened, i was never in your mansion booted off the perico, it kept the boy from crashin' on those nights i really needed rest now what's the issue, are you happy, are you sad, are you angry, do you feel depressed? you can never love me, big d or leave the country you were only here for champagne and the fact i'm bubblin', troublin', see my net worth doublin' and there's a chance it triples or it trickles like the drip at am when we got coca sniffles i'd rather be with you or be alone or bootsy collins ignore the fact that you exist, i hear the money callin' if you miss me so much, why you with somebody else? no reply, it's how it happens, then we say, goodbye this that celibate summer nobody gets fucked except for my bank accounts look but don't touch this that celibate summer nobody gets fucked except for some commas look but don't touch hold up aloe vera heavy shootin' anesthetics as if i wanna die, bitch, i been ready where's that magic, girl, you practice breweria? well check your fuckin' fortune teller, bitch, i'm lookin', i don't see ya are you off that yayo? you blew the payroll it doesn't matter if it's cash under the table now we drippin' like a chemist in that v plus this that celibate summer, i guess nobody gets fuckedembed"
37,Zoned,"this song don't forget the killa i hop out that hooptie just to bang heavy metal that ain't nofooton the floor,my eyes are christian dior like i'mthe baddest bitch in here, why you pressin' me for? hold up, i pray the universe will help me get my cash up that's on me, though, need to go and get my ass up go to work, my bloodline mexican she send that text again, askin' for the sex again, well, darling, can we just pretend? it never happened, i was never in your mansion booted off the perico, it kept the boy from crashin' on those nights i really needed rest now what's the issue, are you happy, are you sad, are you angry, do you feel depressed? you can never love me, big d or leave the country you were only here for champagne and the fact i'm bubblin', troublin', see my net worth doublin' and there's a chance it triples or it trickles like the drip at am when we got coca sniffles i'd rather be with you or be alone or bootsy collins ignore the fact that you exist, i hear the money callin' if you miss me so much, why you with somebody else? no reply, it's how it happens, then we say, goodbye this that celibate summer nobody gets fucked except for my bank accounts look but don't touch this that celibate summer nobody gets fucked except for some commas look but don't touch hold up aloe vera heavy shootin' anesthetics as if i wanna die, bitch, i been ready where's that magic, girl, you practice breweria? well check your fuckin' fortune teller, bitch, i'm lookin', i don't see ya are you off that yayo? you blew the payroll it doesn't matter if it's cash under the table now we drippin' like a chemist in that v plus this that celibate summer, i guess nobody gets fuckedembed"
38,Zoned,"this song don't forget the killa i hop out that hooptie just to bang heavy metal that ain't nofooton the floor,my eyes are christian dior like i'mthe baddest bitch in here, why you pressin' me for? hold up, i pray the universe will help me get my cash up that's on me, though, need to go and get my ass up go to work, my bloodline mexican she send that text again, askin' for the sex again, well, darling, can we just pretend? it never happened, i was never in your mansion booted off the perico, it kept the boy from crashin' on those nights i really needed rest now what's the issue, are you happy, are you sad, are you angry, do you feel depressed? you can never love me, big d or leave the country you were only here for champagne and the fact i'm bubblin', troublin', see my net worth doublin' and there's a chance it triples or it trickles like the drip at am when we got coca sniffles i'd rather be with you or be alone or bootsy collins ignore the fact that you exist, i hear the money callin' if you miss me so much, why you with somebody else? no reply, it's how it happens, then we say, goodbye this that celibate summer nobody gets fucked except for my bank accounts look but don't touch this that celibate summer nobody gets fucked except for some commas look but don't touch hold up aloe vera heavy shootin' anesthetics as if i wanna die, bitch, i been ready where's that magic, girl, you practice breweria? well check your fuckin' fortune teller, bitch, i'm lookin', i don't see ya are you off that yayo? you blew the payroll it doesn't matter if it's cash under the table now we drippin' like a chemist in that v plus this that celibate summer, i guess nobody gets fuckedembed"
39,Zoned,"i'm more than just an option refuse to be forgotten i took a chance with my heart and i feel it taking over i better find your loving, i better find your heart i better find your loving, i better find your heart i better find your loving, i better find your heart i bet if i give all my love then nothing's gonna tear us apart i'm more than just a number i doubt you'll find another so every single summer i'll be the one that you'll remember and i better find your loving, i better find your heart i better find your loving, i better find your heart i better find your loving, i better find your heart i bet if i give all my love then nothing's gonna tear us apart it's more than just a mission you hear, but you don't listen you better pay attention and get what you've been missing i better find your loving, i better find your heart i better find your loving, i better find your heart i better find your loving, i better find your heart i bet if i give all my love then nothing's gonna tear us apart too many times i've been wrong i guess being right takes too long i'm done waiting, there's nothing left to do but give all i have to you and i better find your loving, i better find your heart i better find your loving i bet if i give all my love then nothing's gonna tear us apart i bet if i give all my love then nothing's gonna tear us apartembed"
40,Zoned,"this is ty dolla ign lyrics. ty dolla ign- by yourself . ty dolla ign- spicy . post malone- psycho . sza- hit different . ty dolla ign- or nah . kehlani- nights like this . fifth harmony- work from home . lil wayne, wiz khalifa, imagine dragons, logic & ty dolla ign- sucker for pain . jason derulo- swalla . khalid, lack & ty dolla ign- otw . chainz- it's a vibe . megan thee stallion- hot girl summer . roddy ricch- bacc seat . blxst & tyga- chosen . ty dolla ign- ego death . lil wayne & ty dolla ign- scared of the dark . ella mai- she don't . ariana grande- safety net . russ- am . mac miller- cinderella . bebe rexha- bad bitch . tiesto & ty dolla ign- the business ii . wiz khalifa- something new . jeremih- impatient . james arthur & ty dolla ign- treehouse . ali gatie, marshmello & ty dolla ign- do you believe . ty dolla ign- blase . ty dolla ign- wavy . ty dolla ign- purple emoji . dreamville, ari lennox & omen- got me . lost kings & gashi- oops . kanye west- everything we need . drake- after dark . migos- white sand . kids see ghosts- freeee . major lazer- boom . ty dolla ign- paranoid . ty dolla ign- saved . wiz khalifa- you and your friends . ty dolla ign- expensive . yellow claw & mustard- in my room . the chainsmokers- do you mean . shy glizzy- like that . ty dolla ign- your turn . big sean- body language . rl grime- take it away . ty dolla ign- clout . eminem- favorite bitch . chance the rapper- blessings . nick jonas- bacon . ty dolla ign- pineapple embed"
41,Zoned,chris brown videography lyricswhose girl is that run it! yo gimme that say goodbye shortie like mine wall to wall kiss kiss this christmas with you shawty get loose no air take you down forever get like me what them girls like head of my class make the world go round superhuman freeze better on the other side drop it low i can transform ya crawl back to the crib holla at me g shit deuces no bullshit make a movie yeah x yesterday ain't thinkin' 'bout you get back up champion look at me now beautiful people another planet one night stand all about you spend it all real hip hop shit # my last your body real hip hop shit my last yoko she ain't you best love song should've kissed you better with the lights off snapbacks back next to you pot of gold body body niggas in paris international love strip another round why stop now turn up the music right by my side how i feel take it to the head sweet love till i die i can only imagine don't wake me up function put it down mercy algo me gusta de ti celebration everyday birthday don't judge me home green goblin fine china ready beat it for the road don't think they know love more shots fired sweet serenade it won't stop show me episode hold you down loyal memory new flame don't be gone too long only autumn leaves she wildin' ayo post to be five more hours don't kill the fun private show how many times you changed me bitches n marijuana fun do it again all eyes on you body on me play no games put on my niggas moses ain't shit change liquor zero gold slugs player sorry fine by me back to sleep wrist anyway picture me rollin' little more i'm the man paradise drifting wishing grass ain't greener bounce no romeo no juliet do you mind leave broke party hold up privacy i think of you i see you pie tone it down questions pills & automobiles perfect post & delete jiu jitsu high end just as i am flipmode melanin magic stranger things tempo freaky friday save it for me i don't die hope you do to my bed love you better left right fairytale attention overdose undecided just let go chi chi back to love light it up jealous wobble up haute type a way easy no guidance blow my mind heat restroom occupied put in work go crazy say you love me city girls provide f.e.e.l.s already best friends go crazy come through angles baddest shopping spree nostalgico embed
