,name,lyrics
0,✔️,"one snap for the dying one click to end the day another story with a mangled scene it couldn't happen any other way you want to talk about it? i'm begging you to walk in my shoes any time watch the clock till you unwind you want to cry about it it's making me consider that i've lost my mind the way i see you must be blind so this is the world you left behind this is the guilt that consumes you so die alone this is the one thing that i won't do so say your prayers 'cause i ain't leaving here without you can't bribe me with money can't shower me with shame another killer from a broken home until you cover me with manic fame you want to know about it? but i'ma be fucking with you every time story broken, you're behind and when you ask about it you can rest assured i'll give you my best side seems we all have friends to find so this is the hate i've been born to full are the tales of the untrue so die alone this is the one thing that i won't do so say your prayers 'cause i ain't leaving here without you and all the promises i'll find i know you wanna see me fry like my soul you won't survive so die alone this is the one thing that i won't do so say your prayers 'cause i ain't leaving here without you to die unknown would crush the fish-lens we all see through to kill the glare expose the ugliness we hold trueembed"
1,✔️,"to the edge, until we all get off i will take you away with me once and for all time will see us realign diamonds rain across the sky shower me into the same realm calculate our embrace hold on, come with me now run away, outer space with me once and for all time will see us realign diamonds rain across the sky shower me into the same realm time will see us realign diamonds rain across the sky i will lead us to the same realm get set when the coffin shakes and the needle breaks come run away with me come on, you'll see once and for all time will see us realign diamonds rain across the sky shower me into the same realm time will lead us to the same realm i will lead us to the same realmembed"
2,✔️,"numb and broken here i stand alone wondering what were the last words i said to you? hoping, praying that i'll find a way to turn back time can i turn back time? what would i give to behold the smile, the face of love? you never left me the rising sun will always speak your name numb and broken here i stand alone wondering what were the last words i said to you? it won't be long we'll meet again what would i give to behold the smile, the face of love? you never left me the rising sun will always speak your name it won't be long, we'll meet again your memory is never passing it won't be long, we'll meet again my love for you is everlasting i mourn for those who never knew you i mourn for those who never knew you it won't be long, we'll meet again your memory is never passing it won't be long, we'll meet again my love for you is everlasting it won't be long, we'll meet again it won't be long, we'll meet again it won't be long, we'll meet again it won't be long, we'll meet againembed"
3,✔️,"come back to me, this is unconceivable breaking apart the ones you love hate runs deep for what you've done to us left alone through suicide suicide i just want to die, take away my life lay by your side come back to me, this is unconceivable breaking apart the ones you love hate runs deep for what you've done to us left alone through suicide look at my face you pierce with a blank stare no dream could prepare a heart for a lifeless friend he's gone, nothing will take back time i need him back, but nothing will take back time i can see just fine, with you in my life and there by my side as it starts to fade i know this can't be right, stuck in a dream a nightmare full of sorrow nightmare, full of pain nightmare, full of pain i look back and see the twisted road best friends and despair took its toll take away, take away, take away, take away you can't be replaced i'm left alone with you in spirit and the words you wrote to me sorrow, sank deep inside my blood all the ones around me, i cared for and most of all i loved but i can't see myself that way please don't forget me or cry while i'm away look at my face you pierce with a blank stare no dream could prepare a heart for a lifeless friend he's gone. nothing will take back time i need him back, but nothing will take back time i can see just fine, with you in my life and there by my side as it starts to fade i know this can't be right, stuck in a dream a nightmare full of sorrow i can see just fine, with you in my life and there by my side as it starts to fade i know this can't be right, stuck in a dream a nightmare full of sorrowembed"
4,✔️,"go! stapled shut, inside an outside world and i'm sealed in tight, bizarre but right at home claustrophobic, closing in and i'm catastrophic, not again i'm smeared across the page and doused in gasoline i wear you like a stain yet i'm the one who's obscene catch me up on all your sordid little insurrections i've got no time to lose, i'm just caught up in all the cattle fray the strings throw the shapes hold your breath listen! i am a world before i am a man i was a creature before i could stand i will remember before i forget before i forget that! i am a world before i am a man i was a creature before i could stand i will remember before i forget before i forget that! i'm ripped across the ditch and settled in the dirt and i wear you like a stitch yet i'm the one who's hurt pay attention to your twisted little indiscretions i've got no right to win, i'm just caught up in all the battles locked in clutch pushed in place hold your breath listen! i am a world before i am a man i was a creature before i could stand i will remember before i forget before i forget that! i am a world before i am a man i was a creature before i could stand i will remember before i forget before i forget that! my end, it justifies my means all i ever do is delay my every attempt to evade the end of the road and my end, it justifies my means all i ever do is delay my every attempt to evade the end of the road! i am a world before i am a man i was a creature before i could stand i will remember before i forget before i forget that! i am a world before i am a man i was a creature before i could stand i will remember before i forget before i forget that! i am a world before i am a man i was a creature before i could stand i will remember before i forget before i forget that! yeah, yeah, yeah, yeah, yeah, yeah, yeah, oh! you're wasting it you're wasting it you're wasting it you're wasting it you're wasting itembed"
5,✔️,"so i arrived, naked and cold a welcomed change from the abeyance of a ghost town catacomb no need for counsel, i appreciate the time, i'm not alone there were days these child eyes would overlook the ugliness and fantasize i found my heart for the first time and i awakened in me i left myself to navigate and oh i felt control who is the crowd that peers through the cage as we perform here upon the stage? as the boy became a man in came a calm sophistication i can hardly understand so lost in ego, didn't notice when the time had slipped away jesus christ was born to die leave it to man to levitate his own to idolize we're simply sociopaths with no communication, baby i see your angle but we differ from our points of view who is the crowd that peers through the cage as we perform here upon the stage? tell me a lie in a beautiful way i believe in answers, just not today hope my wheels don't abandon me now seein' that i'm out here alone i'm runnin' out of fight and the wind speaks a comforting voice guiding me to her arms mother, i'm alright it took the birth of sin to snake-rattle the mind before a blow to the head by the gavel of time to wake up won't you wake up? when did the walking apes decide that nuclear war was now the only solution for them keeping the score? just wake up can't you wake up? who is the crowd that peers through the cage as we perform here upon the stage? tell me a lie in a beautiful way i believe in answers, just not todayembed"
6,✔️,"they say 'freak' when you're singled out the red well, it filters through so lay down, the threat is real when his sight goes red again seeing red again seeing red again this change he won't contain slip away to clear your mind when asked who made it show the truth he gives in to most so lay down, the threat is real when his sight goes red again so lay down, the threat is real when his sight goes red again [bridge ) seeing red again, seeing red again seeing red again, seeing red again seeing red again, seeing red again seeing red again, seeing red! they say 'freak' when you're singled out the red it filters throughembed"
7,✔️,"i owe you nothing i've given everything and more i stand for something the blood on my handsthe broken bones i live it knife in my backyou can't take it back eye for an eyeit's cut and dry i'll do what i knowreap what i sow while you're waiting for me to fail if i fallif i fall i'm draggin' everybody down if i fall, i will if i fallif i fall i'm taking everybody out if i fall, i will i'm not a voice of reason never been too big on fate seeing is believing you run from it allyou stumble and crawl i hate it knife in your backi won't take it back live and let livethe art of a lie you do what you knowyou reap what you sow i'll be waiting for you to fail if i fallif i fall i'm draggin' everybody down if i fall, i will if i fallif i fall i'm taking everybody out if i fall, i will hey, yeah! hey! hey-ya! hey! hey! hey-ya! if i fallif i fall i'm taking everybody down if i fall, i will if i fallif i fall i'm draggin' everybody down if i fall, i will if i fallfuck you all i'm taking everybody out if i fall, i will if i fall, i willembed"
8,✔️,"i spoke to god today and she said that she's ashamed what have i become? what have i done? i spoke to the devil today and he swears he's not to blame and i understood 'cause i feel the same arms wide open i stand alone i'm no hero and i'm not made of stone right or wrong i can hardly tell i'm on the wrong side of heaven and the righteous side of hell the wrong side of heaven and the righteous side the righteous side of hell i heard from god today and she sounded just like me what have i done? and who have i become? i saw the devil today and he looked a lot like me i looked away i turned away arms wide open i stand alone i'm no hero and i'm not made of stone right or wrong i can hardly tell i'm on the wrong side of heaven and the righteous side of hell the wrong side of heaven and the righteous side the righteous side of hell i'm not defending downward descending falling further and further away getting closer every day i'm getting closer every day to the end to the end, the end, the end i'm getting closer every day arms wide open i stand alone i'm no hero and i'm not made of stone right or wrong i can hardly tell i'm on the wrong side of heaven and the righteous side of hell the wrong side of heaven and the righteous side of hell the wrong side of heaven and the righteous side the righteous side of hellembed"
9,✔️,"i watched you walk away hopeless, with nothing to say i strain my eyes hoping to see you again this is my curse this is my curse this is my curse this is my curse there is love burning to find you will you wait for me? will you be there? your silence haunts me but still i hunger for you this is my curse this is my curse this is my curse this is my curse there is love burning to find you will you wait for me? and still i want and still i ache but still i wait to see you again dying, inside, these walls dying, inside, these walls and i see your face in these tears in these tears and i see your face there is love there is love there is love there is love there is love there is love there is love there is loveembed"
10,✔️,"in these moments of loss and torment when the vast skies don't seem to call to you when the weight of this world bears down and the stars have fallen like tears i am with you always from the darkness of night until the morning i am with you always from life until death takes me monuments built in remembrance of me but monuments fade, erode and decay the memories are all that remain as far as east is from the west, remember i am with you always from the darkness of night until the morning i am with you always from life until death takes me when hope seems lost down and lowly i am here with you always i am with you always from the darkness of night i am with you always from the darkness of night until the morning i am with you always from life until death takes me i am with you always from life until death takes meembed"
11,✔️,"the earth will see our eyes go blank tonight and the earth will rot away go blink tonight i, i really wish these snakes were your arms i, i really wish you'd make up your mind the earth disguised away don't blink tonight and the earth will see our eyes don't blink tonight i, i really wish these snakes were your arms i, i really wish you should make up your mind i know, know know, know know i, i really wish these snakes were your arms i, i really wish you'd make up your mind i know, know, knowembed"
12,✔️,"as time goes by nothing has changed i won't stand and watch you wither away after all this time i stand by you through all of the years i've been with you through pain and affliction with every addiction i will never let you down i will live by this code never surrender you and i are one through the eye of the storm you are never alone even through, the shadows you are never alone after all this time still you struggle even words of love ring so hollow i have no regrets i have no remorse and if you falter i won't let you down through the eye of the storm you are never alone even through, the shadows you are never alone come on together we stand never fall no matter the trial we will overcome together we stand never fall no matter the trial we will overcome through the eye of the storm you are never alone you are never alone even through, the shadows you are never alone never together we stand never fall no matter the trial we will overcome we will overcomeembed"
13,✔️,"this shining city built of gold a far cry from innocence there's more than meets the eye 'round here look to the waters of the deep a city of evil there sat a seven-headed beast ten horns raised from his head symbolic woman sits on his throne but hatred strips her and leaves her naked the beast and the harlot she's a dwelling place for demons she's a cage for every unclean spirit, every filthy bird and makes us drink the poisoned wine to fornicating with our kings fallen now is babylon the great the city dressed in jewels and gold fine linen, myrrh and pearls her plagues will come all at once as her mourners watch her burn destroyed in an hour merchants and captains of the world, sailors, navigators too will weep and mourn this loss with her sins piled to the sky the beast and the harlot she's a dwelling place for demons she's a cage for every unclean spirit, every filthy bird and makes us drink the poisoned wine to fornicating with our kings fallen now is babylon the great the day has come for all us sinners if you're not a servant, you'll be struck to the ground flee the burning, greedy city looking back on her to see there's nothing around i don't believe in fairy tales and no one wants to go to hell you've made the wrong decision and it's easy to see now if you wanna serve above or be a king below with us you're welcome to the city where your future is set forever she's a dwelling place for demons she's a cage for every unclean spirit, every filthy bird and makes us drink the poisoned wine to fornicating with our kings fallen now is babylon the great she's a dwelling place for demons she's a cage for every unclean spirit, every filthy bird and makes us drink the poisoned wine to fornicating with our kings fallen now is babylon the greatembed"
14,✔️,"lay beside me and tell me what they've done and speak the words i wanna hear, to make my demons run the door is locked now, but it's open if you're true if you can understand the me, then i can understand the you lay beside me, under wicked sky through black of day, dark of night, we share this paralyze the door cracks open, but there's no sun shining through black heart scarring darker still, but there's no sun shining through no, there's no sun shining through no, there's no sun shining what i've felt, what i've known turn the pages, turn the stone behind the door, should i open it for you? yeah what i've felt, what i've known sick and tired, i stand alone could you be there? 'cause i'm the one who waits for you or are you unforgiven too? come lay beside me, this won't hurt, i swear she loves me not, she loves me still, but she'll never love again she lay beside me, but she'll be there when i'm gone black heart scarring darker still, yes she'll be there when i'm gone yes, she'll be there when i'm gone dead sure she'll be there... what i've felt, what i've known turn the pages, turn the stone behind the door, should i open it for you? yeah what i've felt, what i've known sick and tired, i stand alone could you be there? 'cause i'm the one who waits for you or are you unforgiven too? lay beside me, tell me what i've done the door is closed, so are your eyes but now i see the sun, now i see the sun yes, now i see it what i've felt, what i've known turn the pages, turn the stone behind the door, should i open it for you? yeah what i've felt, what i've known so sick and tired, i stand alone could you be there? 'cause i'm the one who waits the one who waits for you, oh what i've felt, what i've known turn the pages, turn the stone behind the door, should i open it for you? what i've felt oh, what i've known i take this key , and i bury it in you because you're unforgiven too never free, never me because you're unforgiven too oh, oh, ohembed"
15,✔️,"ooh, yeah i did my time, and i want out so effusive, fade, it doesn't cut, the soul is not so vibrant the reckoning, the sickening packaging subversion, pseudo-sacrosanct perversion go drill your deserts, go dig your graves then fill your mouth with all the money you will save sinking in, getting smaller again i'm done, it has begun, i'm not the only one and the rain will kill us all throw ourselves against the wall but no one else can see the preservation of the martyr in me psychosocial, psychosocial, psychosocial psychosocial, psychosocial, psychosocial there are cracks in the road we laid but where the temple fell, the secrets have gone mad this is nothing new, but when we killed it all the hate was all we had who needs another mess? we could start over just look me in the eyes and say i'm wrong now there's only emptiness, venomous, insipid i think we're done, i'm not the only one and the rain will kill us all throw ourselves against the wall but no one else can see the preservation of the martyr in me psychosocial, psychosocial, psychosocial psychosocial, psychosocial, psychosocial the limits of the dead the limits of the dead the limits of the dead the limits of the dead fake anti-fascist lie i tried to tell you, but your purple hearts are giving out! can't stop a killing idea if it's hunting season is this what you want? i'm not the only one and the rain will kill us all throw ourselves against the wall but no one else can see the preservation of the martyr in me and the rain will kill us all throw ourselves against the wall but no one else can see the preservation of the martyr in me the limits of the dead the limits of the deadembed"
16,✔️,"i push my fingers into my eyes it's the only thing that slowly stops the ache but it's made of all the things i have to take jesus, it never ends, it works its way inside if the pain goes on i have screamed until my veins collapsed i've waited as my time's elapsed now all i do is live with so much fate i've wished for this, i've bitched at that i've left behind this little fact you cannot kill what you did not create i've gotta say what i've gotta say and then i swear i'll go away but i can't promise you'll enjoy the noise i guess i'll save the best for last my future seems like one big past you're left with me 'cause you left me no choice i push my fingers into my eyes it's the only thing that slowly stops the ache if the pain goes on, i'm not gonna make it! put me back together or separate the skin from bone leave me all the pieces, then you can leave me alone tell me the reality is better than the dream but i found out the hard way, nothing is what it seems! i push my fingers into my eyes it's the only thing that slowly stops the ache but it's made of all the things i have to take jesus, it never ends, it works its way inside if the pain goes on, i'm not gonna make it! all i've got, all i've got is insane all i've got, all i've got is insane all i've got, all i've got is insane! all i've got, all i've got is insane! all i've got, all i've got is insane! all i've got, all i've got is insane! i push my fingers into my eyes it's the only thing that slowly stops the ache but it's made of all the things i have to take jesus, it never ends, it works its way inside if the pain goes on, i'm not gonna make it! all i've got, all i've got is insane all i've got, all i've got is insane all i've got, all i've got is insane! all i've got, all i've got is insane!embed"
17,✔️,"lived through you safe with how we lived our lives with how it all turned out uncovered lies, surfaced throughout will make you change your mind sometimes life is altered won't turn out right. can't turn out right when i see you, i can read it in your eyes fate misunderstood swallowed the lies, can't blame you for thinking with your heart sometimes life is altered break from the ropes your hands are tied uneasy with confrontation won't turn out right. can't turn out right i see my world crumble and fall, before my eyes i know, i know dark will turn to light, in time i'll be alright i know, i know (i never imagined my life could turn out this way so cold so black so alone) living goes by fast, catch your breath and it will pass you by and it won't last, to sulk with the memories you hold sometimes life is altered break from the ropes your hands are tied uneasy with confrontation won't turn out right. can't turn out rightembed"
18,✔️,"godless, meteoric war anger, our existence nevermore you awoke the giants who were dormant in the sky comets raining down from a fiery eye mother of all your time is coming one with eternity planets collide planets collide damage, galaxy destruct endless, celestial orbit corrupt you will be forgotten like the others lost in time dead civilization left behind mother of all your time is coming one with eternity planets collide planets collide take me to find that much is closing in you can't defeat them on your own weapons are loaded for the final stand and they're all aimed at you from heaven planets collide planets collide planets collide planets collide you will be forgotten like the others lost in time dead civilization left behind mother of all your time is coming one with eternity planets collide planets collideembed"
19,✔️,"prodigia comploratus silens, oro regnet exitium days of warning night brings mourning my prayers, wordless heaven is burning down i walk stricken pitch-black vision o'one save me caress my weary eyes darkest lord your mercy shall i gain strike the match, engulf the earth in flames in flames, in flames, in flames nature quaking prophets aching i kneel, faithful damnation cracks the sky my heart, fiction superstition your grace, deathless give life to my last breath darkest lord your mercy shall i gain strike the match, engulf the earth in flames in flames, in flames, in flames grant them eternal rest in your honor embrace them into an army of undead strike with vengeance those who oppose your will and lay waste to all unsufficently served before you walk with them and free them from the blinding light of servitude and devastate your enemies as they die by your hand amen prodigia comploratus silens, oro regnet exitium rise from ashes violence clashes my soul vacant cleanse me of all this sin i stand guilty i bleed filthy born of fire savor this final hour darkest lord your mercy shall i gain strike the match, engulf the earth in flames in flames, in flames, in flamesembed"
