,name,lyrics
0,Sad Songs,"i wanna hold the hand inside you i wanna take the breath that's true i look to you and i see nothing i look to you to see the truth you live your life, you go in shadows you'll come apart and you'll go blind some kind of light into your darkness colors your eyes with what's not there fade into you strange you never knew fade into you i think it's strange you never knew a stranger's light comes on slowly a stranger's heart without a home you put your hands into your head a million smiles cover your heart fade into you strange you never knew fade into you i think it's strange you never knew fade into you strange you never knew fade into you i think it's strange you never knew i think it's strange you never knewembed"
1,Sad Songs,"he left no time to regret kept his dick wet with his same old safe bet me and my head high and my tears dry, get on without my guy you went back to what you know so far removed from all that we went through and i tread a troubled track my odds are stacked, i'll go back to black we only said goodbye with words i died a hundred times you go back to her and i go back to i go back to us i love you much, it's not enough you love blow and i love puff and life is like a pipe and i'm a tiny penny rollin' up the walls inside we only said goodbye with words i died a hundred times you go back to her and i go back to we only said goodbye with words i died a hundred times you go back to her and i go back to black, black, black, black black, black, black i go back to i go back to we only said goodbye with words i died a hundred times you go back to her and i go back to we only said goodbye with words i died a hundred times you go back to her and i go back to blackembed"
2,Sad Songs,"i'm so tired of being here suppressed by all my childish fears and if you have to leave i wish that you would just leave 'cause your presence still lingers here and it won't leave me alone these wounds won't seem to heal this pain is just too real there's just too much that time cannot erase when you cried i'd wipe away all of your tears when you'd scream i'd fight away all of your fears and i held your hand through all of these years but you still have all of me you used to captivate me by your resonating light now i'm bound by the life you left behind your face it haunts my once pleasant dreams your voice it chased away all the sanity in me these wounds won't seem to heal this pain is just too real there's just too much that time cannot erase when you cried i'd wipe away all of your tears when you'd scream i'd fight away all of your fears and i held your hand through all of these years but you still have all of me i've tried so hard to tell myself that you're gone but though you're still with me i've been alone all along when you cried i'd wipe away all of your tears when you'd scream i'd fight away all of your fears and i held your hand through all of these years but you still have all of me ah, me, ah, me, ahembed"
3,Sad Songs,"she's taking her time, making up the reasons to justify all the hurt inside guess she knows from the smiles and the look in their eyes everyone's got a theory about the bitter one they're saying mama never loved her much and daddy never keeps in touch that's why she shies away from human affection. but somewhere in a private place she packs her bags for outer space and now she's waiting for the right kind of pilot to come she's saying i would fly to the moon and back if you'll be, if you'll be my baby i've got a ticket for a world where we belong so would you be my baby? ooh-ooh ooh-ooh she can't remember a time when she felt needed if love was red, then she was color blind all her friends, they've been tried for treason and crimes that were never defined she's saying love is like a barren place and reaching out for human faith is, is like a journey i just don't have a map for. so, baby's gonna take a dive and push the shift to overdrive send a signal that she's hanging all her hopes on the stars she's saying i would fly to the moon and back if you'll be, if you'll be my baby i've got a ticket for a world where we belong so would you be my baby? hold on hold on mama never loved her much and daddy never keeps in touch that's why she shies away from human affection. but somewhere in a private place she packs her bags for outer space and now she's waiting for the right kind of pilot to come just saying i would fly to the moon and back if you'll be, if you'll be my baby i've got a ticket for a world where we belong so would you be my baby? i would fly to the moon and back if you'll be, if you'll be my baby i've got a ticket for a world where we belong so would you be my baby?embed"
4,Sad Songs,"late at night when all the world is sleeping i stay up and think of you and i wish on a star that somewhere you are thinking of me too 'cause i'm dreaming of you tonight 'til tomorrow, i'll be holding you tight and there's nowhere in the world i'd rather be than here in my room dreaming about you and me wonder if you ever see me and i wonder if you know i'm there if you looked in my eyes would you see what's inside? would you even care? i just wanna hold you close but so far, all i have are dreams of you so i wait for the day and the courage to say how much i love you yes, i do i'll be dreaming of you tonight 'til tomorrow i'll be holding you tight and there's nowhere in the world i'd rather be than here in my room dreaming about you and me corazon i can't stop dreaming of you no puedo dejar de pensar en ti i can't stop dreaming como te necesito i can't stop dreaming of you mi amor, como te extrano late at night when all the world is sleeping i stay up and think of you and i still can't believe that you came up to me and said, i love you i love you too now i'm dreaming with you tonight 'til tomorrow and for all of my life and there's nowhere in the world i'd rather be than here in my room dreaming with you, endlessly with you tonight and there's nowhere in the world i'd rather be than here in my room i'll be dreaming of you tonight and i'll be holding you tight dreaming with you tonight endlessly dreamingembed"
5,Sad Songs,"oh where, oh where can my baby be? the lord took her away from me she's gone to heaven, so i got to be good so i can see my baby when i leave this world we were out on a date in my daddy's car we hadn't driven very far there in the road, straight ahead a car was stalled, the engine was dead i couldn't stop, so i swerved to the right i'll never forget the sound that night the screaming tires, the busting glass the painful scream that i heard last oh where, oh where can my baby be? the lord took her away from me she's gone to heaven, so i got to be good so i can see my baby when i leave this world when i woke up, the rain was pouring down there were people standing all around something warm running through my eyes but somehow i found my baby that night i lifted her head, she looked at me and said hold me, darling, just a little while i held her close, i kissed her our last kiss i found the love that i knew i would miss but now she's gone, even though i hold her tight i lost my love, my life that night oh where, oh where can my baby be? the lord took her away from me she's gone to heaven, so i got to be good so i can see my baby when i leave this world ooh, ooh-oohembed"
6,Sad Songs,"it's over lyricsyour baby doesn't love you anymore golden days before they end whisper secrets to the wind your baby won't be near you any more tender nights before they fly send falling stars that seem to cry your baby doesn't want you anymore it's over it breaks your heart in two, to know she's been untrue but oh what will you do? then she said to you there's someone new we're through we're through it's over it's over it's over all the rainbows in the sky start to weep, then say goodbye you won't be seeing rainbows any more setting suns before they fall, echo to you that's all that's all but you'll see lonely sunset after all it's over it's over it's over it's overembed"
7,Sad Songs,"sand and water lyricsall alone i didn't like the feeling all alone i sat and cried all alone i had to find some meaning in the center of the pain i felt inside all alone i came into this world all alone i will someday die solid stone is just sand and water, baby sand and water, and a million years gone by i will see you in the light of a thousand suns i will hear you in the sound of the waves i will know you when i come, as we all will come through the doors beyond the grave all alone i heal this heart of sorrow all alone i raise this child flesh and bone, he's just bursting towards tomorrow and his laughter fills my world and wears your smile i will see you in the light of a thousand suns i will hear you in the sound of the waves i will know you when i come, as we all will come through the doors beyond the grave all alone i came into this world all alone i will someday die solid stone is just sand and water, baby sand and water and a million years gone byembed"
8,Sad Songs,i hurt myself today to see if i still feel i focus on the pain the only thing that's real the needle tears a hole the old familiar sting try to kill it all away but i remember everything what have i become my sweetest friend? everyone i know goes away in the end and you could have it all my empire of dirt i will let you down i will make you hurt i wear this crown of thorns upon my liar's chair full of broken thoughts i cannot repair beneath the stains of time the feelings disappear you are someone else i am still right here what have i become my sweetest friend? everyone i know goes away in the end and you could have it all my empire of dirt i will let you down i will make you hurt if i could start again a million miles away i would keep myself i would find a wayembed
9,Sad Songs,"love of mine, someday you will die but i'll be close behind; i'll follow you into the dark no blinding light or tunnels to gates of white just our hands clasped so tight, waiting for the hint of a spark if heaven and hell decide that they both are satisfied illuminate the nos on their vacancy signs if there's no one beside you when your soul embarks then i'll follow you into the dark in catholic school, as vicious as roman rule i got my knuckles bruised by a lady in black and i held my tongue as she told me, son fear is the heart of love, so i never went back if heaven and hell decide that they both are satisfied illuminate the nos on their vacancy signs if there's no one beside you when your soul embarks then i'll follow you into the dark you and me have seen everything to see from bangkok to calgary and the soles of your shoes are all worn down; the time for sleep is now it's nothing to cry about 'cause we'll hold each other soon in the blackest of rooms and if heaven and hell decide that they both are satisfied and illuminate the nos on their vacancy signs if there's no one beside you when your soul embarks then i'll follow you into the dark then i'll follow you into the darkembed"
10,Sad Songs,"same bed but it feels just a little bit bigger now our song on the radio but it don't sound the same when our friends talk about you, all it does is just tear me down 'cause my heart breaks a little when i hear your name it all just sounds like oooooh ooh mmm, too young, too dumb to realize that i should have bought you flowers and held your hand should have gave you all my hours when i had the chance take you to every party 'cause all you wanted to do was dance now my baby's dancing but she's dancing with another man my pride, my ego, my needs, and my selfish ways caused a good, strong woman like you to walk out my life now i'll never, never get to clean up the mess i made and it haunts me every time i close my eyes it all just sounds like oooooh ooh mmm, too young, too dumb to realize that i should have bought you flowers and held your hand should have gave you all my hours when i had the chance take you to every party 'cause all you wanted to do was dance now my baby's dancing but she's dancing with another man although it hurts i'll be the first to say that i was wrong oh, i know i'm probably much too late to try and apologize for my mistakes but i just want you to know i hope he buys you flowers i hope he holds your hand give you all his hours when he has the chance take you to every party 'cause i remember how much you loved to dance do all the things i should have done when i was your man do all the things i should have done when i was your manembed"
11,Sad Songs,"my child arrived just the other day he came to the world in the usual way but there were planes to catch and bills to pay he learned to walk while i was away and he was talkin' 'fore i knew it, and as he grew he'd say i'm gonna be like you, dad you know i'm gonna be like you and the cat's in the cradle and the silver spoon little boy blue and the man on the moon when you comin' home, dad i don't know when, but we'll get together then you know we'll have a good time then my son turned ten just the other day he said, thanks for the ball, dad, come on let's play can you teach me to throw, i said not today i got a lot to do, he said, that's okay and he walked away but his smile never dimmed and said, i'm gonna be like him, yeah you know i'm gonna be like him and the cat's in the cradle and the silver spoon little boy blue and the man on the moon when you comin' home, dad i don't know when, but we'll get together then you know we'll have a good time then well, he came from college just the other day so much like a man i just had to say son, i'm proud of you, can you sit for a while he shook his head and then said with a smile what i'd really like, dad, is to borrow the car keys see you later, can i have them please and the cat's in the cradle and the silver spoon little boy blue and the man on the moon when you comin' home son i don't know when, but we'll get together then, dad you know we'll have a good time then i've long since retired, my son's moved away i called him up just the other day i said, i'd like to see you if you don't mind he said, i'd love to, dad, if i can find the time you see my new job's a hassle and the kid's got the flu but it's sure nice talking to you, dad it's been sure nice talking to you and as i hung up the phone it occurred to me he'd grown up just like me my boy was just like me and the cat's in the cradle and the silver spoon little boy blue and the man on the moon when you comin' home son i don't know when, but we'll get together then, dad we're gonna have a good time thenembed"
12,Sad Songs,"all i wanna do is make love to you lyricsit was a rainy night when he came into sight standing by the road with no umbrella, no coat so i pulled up along side and i offered him a ride he accepted with a smile so we drove for a while i didn't ask him his name this lonely boy in the rain fate, tell me it's right is this love at first sight? please don't make it wrong just stay for a night all i wanna do is make love to you say you will, you want me too all i wanna do is make love to you i got loving arms to hold onto so we found this hotel it was a place i knew well we made magic that night oh, he did everything right he brought the woman out of me so many times, easily and in the morning, when he woke all i left him was a note i told him i am the flower you are the seed we walked in the garden we planted a tree don't try to find me please don't you dare just live in my memory you'll always be there all i wanna do is make love to you one night of love was all we knew all i wanna do is make love to you i got loving arms to hold onto whoa, oh, we made love love like strangers all night long we made love then it happened one day we came 'round the same way you can imagine his surprise when he saw his own eyes i said, please, please understand i'm in love with another man and what he couldn't give me, oh, whoa was the one little thing that you can all i wanna do is make love to you one night of love was all we knew all i wanna do is make love to you come on, say you will, you want me too all i wanna do is make love to you one night of love was all we knew all i wanna do is make love to you say you will, baby, want me too all night long, all night long all night long, all night long all i wanna do, all i wanna do all i wanna do, all i wanna do all i wanna do is make love to you one night of love was all we knewembed"
13,Sad Songs,"i love you lyricswhen i was younger, man i hadn't a care fooling around hitting the town growing my hair you came along and stole my heart when you entered my life ooh, babe you got what it takes so i made you my wife since then i never looked back it's almost like living a dream and, ooh i love you you came along from far away and found me here i was playing around feeling down hitting the beer you picked me up from off the floor and gave me a smile you said you're much too young your life ain't begun let's walk for awhile and as my head was spinning 'round i gazed into your eyes and thought, ooh i want you thank you, babe for being a friend and shining your light in my life 'cause, ooh i need you as my head was coming round i gazed into your eyes and thought, ooh i want you thanks again for being my friend and straightening out my life 'cause, ooh i need you since then i never looked back it's almost like livin' a dream ooh i got you if ever a man had it all it would have to be me and, ooh i love youembed"
