,name,lyrics
0,Tom Petty,"she's a good girl, loves her mama loves jesus and america too she's a good girl, crazy 'bout elvis loves horses and her boyfriend too it's a long day, livin' in reseda there's a freeway, runnin' through the yard and i'm a bad boy, 'cause i don't even miss her i'm a bad boy for breakin' her heart and i'm free, free fallin' yeah i'm free, free fallin' all the vampires, walkin' through the valley move west down ventura boulevard and all the bad boys are standing in the shadows and the good girls are home with broken hearts and i'm free, i'm free fallin' yeah i'm free, free fallin' (free fallin', i'm-a free fallin', i'm-a free fallin', i'm-a free fallin', i'm-a) i wanna glide down over mulholland i wanna write her name in the sky i'm gonna free fall out into nothin' gonna leave this world for a while now i'm free, free fallin' (free fallin', i'm-a free fallin', i'm-a free fallin', i'm-a free fallin', i'm-a) yeah i'm free, free fallin' (free fallin', i'm-a free fallin', i'm-a free fallin', i'm-a free fallin', i'm-a) yeah i'm free, free fallin' oh! free fallin' and i'm free, oh, free fallin' (free fallin', i'm-a free fallin', i'm-a free fallin', i'm-a free fallin', i'm-a) free fallin' embed"
1,Tom Petty,"let me run with you tonight i'll take you on a moonlight ride there's someone i used to see but she don't give a damn for me but let me get to the point, let's roll another joint and turn the radio loud, i'm too alone to be proud you don't know how it feels you don't know how it feels to be me people come, people go some grow young, some grow cold i woke up in between a memory and a dream so let's get to the point, let's roll another joint and let's head on down the road, there's somewhere i gotta go you don't know how it feels you don't know how it feels to be me my old man was born to rock he's still tryin' to beat the clock think of me what you will i've got a little space to fill so let's get to the point, let's roll another joint and let's head on down the road, there's somewhere i gotta go you don't know how it feels you don't know how it feels no, you don't know how it feels to be me you don't know how it feels you don't know how it feels no, you don't know how it feels to be meembed"
2,Tom Petty,"well, i won't back down no, i won't back down you can stand me up at the gates of hell but i won't back down no, i'll stand my ground won't be turned around and i'll keep this world from draggin' me down gonna stand my ground and i won't back down i won't back down hey baby, there ain't no easy way out i won't back down hey i will stand my ground and i won't back down well i know what's right i got just one life in a world that keeps on pushin' me around but i'll stand my ground and i won't back down i won't back down hey baby, there ain't no easy way out i won't back down hey, i will stand my ground and i won't back down i won't back down hey baby, there ain't no easy way out i won't back down hey, i won't back down i won't back down hey baby, there ain't no easy way out i won't back down hey, i will stand my ground and i won't back down no, i won't back downembed"
3,Tom Petty,"it was a beautiful day, the sun beat down i had the radio on, i was drivin' trees went by, me and del were singin' little runaway i was flyin' yeah, runnin' down a dream that never would come to me workin' on a mystery, goin' wherever it leads runnin' down a dream i felt so good, like anything was possible hit cruise control and rubbed my eyes the last three days the rain was unstoppable it was always cold, no sunshine yeah, runnin' down a dream that never would come to me workin' on a mystery, goin' wherever it leads runnin' down a dream i rolled on, the sky grew dark i put the pedal down to make some time there's something good waitin' down this road i'm pickin' up whatever's mine i'm runnin' down a dream that never would've come to me workin' on a mystery, goin' wherever it leads runnin' down a dream yeah, i'm runnin' down a dream that never would've come to me workin' on a mystery, goin' wherever it leads i'm runnin' down a dream embed"
4,Tom Petty,"we got somethin', we both know it we don't talk too much about it ain't no real big secret all the same somehow we get around it listen, it don't really matter to me, baby you believe what you want to believe you see, you don't have to live like a refugee somewhere, somehow, somebody must have kicked you around some tell me why you wanna lay there and revel in your abandon honey, it don't make no difference to me, baby everybody's had to fight to be free you see, you don't have to live like a refugee no baby, you don't have to live like a refugee baby, we ain't the first i'm sure a lot of other lovers been burned right now this seems real to you but it's one of those things you got to feel to be true somewhere, somehow, somebody must have kicked you around some who knows, maybe you were kidnapped tied up, taken away, and held for ransom honey, it don't really matter to me, baby everybody's had to fight to be free you see, you don't have to live like a refugee no, you don't have to live like a refugee you don't have to live like a refugee embed"
5,Tom Petty,"hey! hey! don't come around here no more don't come around here no more whatever you're looking for hey! don't come around here no more i've given up, stop i've given up, stop ah, ah, ah, ooh-ooh i've given up, stop, on waiting any longer i've given up, on this love getting stronger don't come around here no more don't come around here no more don't come around here no more don't come around here no more i don't feel you anymore you darken my door whatever you're looking for hey! don't come around here no more i've given up, stop i've given up, stop ah, ah, ah, ooh-ooh i've given up, stop, you tangle my emotions i've given up, honey please, admit it's over hey! don't come around here no more don't come around here no more don't come around here no more hey! don't come around here no more stop walking down my street don't come around here no more who did you expect to meet? don't come around here no more whatever you're looking for hey! don't come around here no more hey! honey please don't come around here no more whatever you're looking for don't come around here no moreembed"
6,Tom Petty,"she grew up in an indiana town had a good lookin' mama who never was around but she grew up tall and she grew up right with them indiana boys on them indiana nights well, she moved down here at the age of eighteen she blew the boys away, was more than they'd seen i was introduced and we both started groovin' she said, i dig you baby, but i got to keep movin' on keep movin' on last dance with mary jane, one more time to kill the pain i feel summer creepin' in and i'm tired of this town again well, i don't know, but i've been told you never slow down, you never grow old i'm tired of screwin' up, tired of going down tired of myself, tired of this town oh, my, my, oh, hell yes honey, put on that party dress buy me a drink, sing me a song take me as i come 'cause i can't stay long last dance with mary jane, one more time to kill the pain i feel summer creepin' in and i'm tired of this town again there's pigeons down on market square she's standin' in her underwear lookin' down from a hotel room the nightfall will be comin' soon oh, my, my, oh, hell yes you got to put on that party dress it was too cold to cry when i woke up alone i hit my last number and walked to the road last dance with mary jane, one more time to kill the pain i feel summer creepin' in and i'm tired of this town againembed"
