,name,lyrics
0,KPOP,"whoa whoa whoa whoa whoa whoa love love love love love whoa-oh, whoa-oh love love love love love whoa-oh, whoa-oh whoa whoa whoa whoa whoa whoa love love love love love whoa-oh, whoa-oh love love love love love whoa-oh, whoa-oh tell me, tell me now tell me, tell me how platform kiss me bye love love love love love whoa-oh, whoa-oh love love love love love whoa-oh, whoa-ohembed"
1,KPOP,"oh peaches and cream, sweeter than sweet chocolate cheeks and chocolate wings but sweetbitter bitter kiss me baby you're oh kiss me on the lips lips oh embed"
2,KPOP,"all the underdogs in the world a day may come when we lose but it is not today today, we fight! no, not today but no, not today no, no, not today too good day no, no not today, no, no, no not today extra but still part of this world extra plus ordinary so what? oh, baby, yes i want it today we will survive today we will survive gear up, not, not today not, not today hands up hands up hands up no not, not today not, not today not, not today not, not today not, not today too hot, doublin' too hot, tumblin' too high, we on too high, what you say, yeah not today, yeah , yeah together we won't die together we won't die not not today not not today hands up hands up hands up no not, not today not, not today not, not today not, not today not, not today throw it up, throw it up break it up, break it up turn it up burn it up that's not today not, not today not, not today hands up hands up hands up no not, not today not, not today not, not today not, not today not, not today embed"
3,KPOP,", friend , ? ? you know it all, you're my best friend , embed"
4,KPOP,", , , , , , , friend , , , ? , ? , , , , , you know it all, you're my best friend , yeah, eh-eh, yeah, yeah , embed"
5,KPOP,", , peaches and cream, sweeter than sweet chocolate cheeks and chocolate wings but sweet bitter bitter kiss me baby , , kiss me on the lips, lips , , he too was a tempter; he, too, was a link to the second, the evil world with which i no longer wanted to have anything to do embed"
6,KPOP,", ? ayo, ladies and gentlemen yeah --- ! everyday yeah i got a feel, i got a feel , , , , , , , cause haha okay , - everyday yeah i don't wanna say yes i don't wanna say yes all right all night 'cause we got fire higher i gotta make it, gotta, gotta make it , , , , , , ? ? ? enemy enemy enemy energy energy energy you know you not lonely so can i get a little bit of hope? go everyday yeah i don't wanna say yes i don't wanna say yes all right all night 'cause we got fire higher i gotta make it, gotta, gotta make it , , , , , , wack hustle life i gotta make it fire baby wack hustle life i gotta make it, i gotta make it say what say wo, wo say what , , , embed"
7,KPOP,"all the underdogs in the world a day may come when we lose but it is not today today we fight! no, not today but no, not today no, no, not today too good day no, no, not today, no, no, no not today extra but still part of this world extra plus ordinary oh, baby, yes i want it today we will survive today we will survive gear up not, not today not, not today hands up hands up hands up not, not today not, not today not, not today not, not today not, not today too hot, doublin' too hot, too high, we on too high, what you say, yeah not today, yeah , yeah together we won't die together we won't die not not today not not today hands up hands up hands up not, not today not, not today not, not today not, not today not, not today throw it up, throw it up break it up, break it up turn it up burn it up that's not today, oh-oh not, not today not, not today hands up hands up hands up not, not today not, not today not, not today not, not today not, not today embed"
8,KPOP,"fall fall fall fall fall fall , , , , but you're my everything everything everything , huh i need you, girl ? i need you, girl ? i need you, girl i need you, girl i need you, girl i need you, girl it goes round and round, ? i go down and down, , , , ? , , , , ? ? ? i need you, girl ? i need you, girl ? i need you, girl i need you, girl i need you, girl i need you, girl girl, , girl, , , oh , oh-oh i need you, girl ? i need you, girl ? i need you, girl i need you, girl, yeah i need you, girl i need you, girl embed"
9,KPOP,"oh ooh... baby baby lonely, lonely, lonely baby baby lonely, lonely, lonely toast and butter closer than close uh ooh... baby baby lonely, lonely, lonely baby baby lonely, lonely, lonely ooh whoa! baby baby lonely, lonely, lonely baby baby lonely, lonely, lonely with time, everything will be forgotten and so will you that's what's really sadembed"
10,KPOP,"i like that i like that , i like that ooh ooh ooh ooh, ooh ooh ooh ooh ooh ooh ooh ooh, ooh ooh ooh ooh, i like that ooh ooh ooh ooh, ooh ooh ooh ooh ooh ooh ooh ooh, ooh ooh ooh ooh, i-i-i like that oh, oh, oh, oh playboy , i like that i'm so fine, i'm so fine don't touch me i'm so fine, i'm so fine don't touch me , i like that ooh ooh ooh ooh, ooh ooh ooh ooh ooh ooh ooh ooh, ooh ooh ooh ooh, i like that ooh ooh ooh ooh, ooh ooh ooh ooh ooh ooh ooh ooh, ooh ooh ooh ooh, i-i-i like thatembed"
11,KPOP,"touch my body, body touch my body, body touch my body, body touch my body, oh, oh i know you want it, wine, chocolate chocolate my pool ooh, ooh, yeah baby dancing with me, you're my star touch my body, oh everybody, my body, body, touch my body baby so good, paradise baby so nice, summer night one step, two step, my body, body, touch my body touch my body, body touch my body, body touch my body, body touch my body, oh, oh uh, red pool ? body ? , , ? mmh, , , ? whoa, yeah touch my body, oh everybody, my body, body, touch my body baby so good, paradise baby so nice, summer night one step, two step, my body, body, touch my body touch my body my body my body, yeah my body, my body, hey tonight yeah yeah tonight , ooh, yeah touch my bodyembed"
12,KPOP,"money maker, rump shaker heartbreaker, chance taker net payer, one slayer oh! shake it, shake it for me shake it, shake it for me bae bae baby love me, love me, love me now so let's dance just shake it, let's dance make it louder make it louder shake it, baby fun smart when i move shake it, shake it for me shake it, shake it for me bae bae baby love me, love me, love me now so let's dance just shake it, let's dance make it louder make it louder shake it, baby shake it, oh, shake it shake it up, shake it for me shake it, oh, shake it shake it up, shake it for me shake it, oh, shake it shake it up, shake it for me shake it, oh, shake it shake it up, shake it for me shake it for me, my baby shake it for me, my baby dance just shake it, let's dance make it louder make it louder shake it, babyembed"
13,KPOP,"oh, yeah you see, i don't usually do this, but... i really need you tonight give it to me, give it to me give it to me, give it to me ? , oh? give it to me, oh baby give it to me give it to me, oh baby give it to me oh, oh, oh, oh, ooh whoa oh, oh, oh, oh, ooh whoa oh, oh, oh oh baby, give it to me ? , oh oh baby, give it to me i'm sorry, that's all i need oh baby, give it to me oh baby, give it to me give it to me, oh baby give it to me give it to me, oh baby give it to me oh, oh, oh, oh, ooh whoa oh, oh, oh, oh, ooh whoa oh, oh, oh oh baby, give it to me hoo hoo-hoo-hoo, hoo hoo-hoo-hoo, hoo hoo-hoo-hoo, hoo give it to me, oh baby give it to me give it to me, oh baby give it to me oh, oh, oh, oh, ooh whoa oh, oh, oh, oh, ooh whoa give it to me, oh baby give it to me give it to me, oh baby give it to me oh, oh, oh oh baby, give it to meembed"
14,KPOP,"ooh, ooh ah say i love you, say i love you, say i love you say i love you , uh, babe babe , let's talk about you alright say i love you , say i love you falling in love why babe , let's talk about you alright say, say i love you, say! one more time! say, say i love you no no no, no no no, no, no, no ooh, ooh, ooh say i love you , ooh say i love you falling in love falling in loveembed"
15,KPOP,"she got me going crazy ? , goddess , yeah, yeah ? , don't be afraid, love is the way shawty, i got it, you can call me monster i'm creepin' in your heart, babe you call me monster she got me going crazy ? , don't be afraid, love is the way shawty, i got it, you can call me monster i'm creepin' in your heart, babe you call me monster i'm sorry, you make me so crazy, you know you do, ooh , so i'm untouchable, man , , , , , brrah i'm creepin' in your heart, babe you call me monster creeping, creeping, creeping creeping, creeping, creeping you, ooh, oh, you, oh-oh, creepingembed"
16,KPOP,"like boom, boom, boom, boom, boom what up? hey, girl , oh my oh, i don't care the time's wasting, girl so don't wait, don't wait too long call me baby, call me baby ** call me baby, call me baby **** call me baby, call me baby call me baby, call me baby *** call me girl*** you're the one, you're the one ** **** call me baby, call me baby call me baby, call me baby call me, girl baby girl * lady* call me baby, call me baby call me baby, call me baby ** **** call me baby, call me baby call me baby, call me baby oh, * * * * *yeah* e-x-o, listen say my name uh, never don't mind about a thing ** ** **** ****** call me baby, call me baby call me baby, call me baby **** you're the one, you're the one ** call me baby, call me baby ****** call me baby, call me baby call me, girlembed"
17,KPOP,"yeah oh yeah luck lipstick chateau la la la la champagne la la la la i just hit the lotto lotto, lotto lotto, lotto baby no way, no way, no way, no oh yeah oh yeah lipstick chateau la la la la champagne la la la la louder louder, louder louder, louder we're going crazy my lucky lady i don't need no money oh yeah lipstick chateau chateau, chateau all over yeah champagne champagne on me i just hit the lotto just hit the lotto, yeah, oh la la la la just hit the lotto, yeah lotto hit the lotto ooh yeah lotto, la la la la romanization yeah yeah yeah yeah yeah yeah yeah yeah oh lotto-tto oh yeah yeah oh yeah yeah yeah byeol gwanshimi eomneun cheok shiseoneul pihaeseo ga ihaehae modeun geol georeoyaman hal tenikka seucheoman bwado oh yeah dareun yeojawaneun hwak dalla dwidorabwado bunmyeong naege chajaon luck lipstick chateau wainbit color hayan champagne beobeure shower pyeongsaenge han beoniljido molla kkuk chamatteon bonneungi twieo olla eojjeona i just hit the lotto oh oh oh lotto oh oh oh lotto oh oh oh oh oh oh lotto oh oh oh lotto oh oh oh neoran haengun machi sillatgateun hwangnyul soge mameul deonjige hae nal dareun saramdeureun ije papkon ibe neoeun chae uril cheodabwa meolliseo deullyeooneun sori no way jeulgyeo bwa oh yeah modeun ge bakkwieo oh yeah oneulbuteon gonggido dalla sesangi bakkwieo bamhaneuren eunbit byeoldeul lipstick chateau wainbit color hayan champagne beobeure shower pyeongsaenge han beoniljido molla kkuk chamatteon bonneungi twieo olla neol hyanghae sori jilleo louder oh oh oh oh oh oh louder oh oh oh louder oh oh oh oh oh oh louder oh oh oh louder oh oh oh i sunganeul notchijin ma we're going crazy, my lucky lady tto hanbeon gieokdoel nareul jigeumdo nan mogi malla nege jul kke ajik mana i don't need no money neoman isseumyeon dwae deoeopshi ganjeolhi wonhaneungeol modeun geoseul georeo naege lipstick chateau wainbit color hayan champagne beobeure shower pyeongsaenge han beoniljido molla kkuk chamatteon bonneungi twieo olla eojjeona i just hit the lotto yeah yeah yeah yeah yeah yeah yeah yeah lotto oh oh oh yeah yeah yeah yeah yeah yeah yeah yeah neon lotto english translation yeah yeah yeah yeah yeah yeah yeah yeah oh lotto-tto oh yeah yeah oh yeah yeah yeah pretending not to be interested, avoiding your eyes please understand, i have to risk my all just passing by, oh yeah i can see that you're way different from other girls i look back and luck will still find me lipstick, chateau, wine color white champagne, shower with bubbles it might only be once in my life my pressed down instincts are popping up what to do, i just hit the lotto oh oh oh lotto oh oh oh lotto oh oh oh oh oh oh lotto oh oh oh lotto oh oh oh you're my luck, you make me throw my heart into a thread-like chance now the others have their popcorn waiting to see what happens to us i hear a sound from far away no way just have fun, oh yeah everything changes, oh yeah even the air is different from today the world changes the night sky is filled with silver stars lipstick, chateau, wine color white champagne, shower with bubbles it might only be once in my life my pressed down instincts are popping up i'm shouting louder towards you oh oh oh oh oh oh louder oh oh oh louder oh oh oh oh oh oh louder oh oh oh louder oh oh oh don't lose this moment we're going crazy, my lucky lady this day will be remembered once again i'm thirsty even now, there's still so much to give you i don't need no money, i just need you i want you so bad put it all on me lipstick, chateau, wine color white champagne, shower with bubbles it might only be once in my life my pressed down instincts are popping up what to do, i just hit the lotto yeah yeah yeah yeah yeah yeah yeah yeah lotto oh oh oh yeah yeah yeah yeah yeah yeah yeah yeah you're lotto embed"
18,KPOP,"yo, okay ? , , , , , , , , baby, oh , baby , , , , , , , yeah, , , i win , yeah , , , , , , , , , , , , , , embed"
19,KPOP,"exo 'album list' lyricsexoxiuminsuholaybaekhyunchenchanyeold.o.kaisehunfor life - winter special album, disc for lifefalling for youwhat i want for christmastwenty fourwinter heatdisc for life falling for you what i want for christmas twenty four winter heat dancing king - singledancing kingdancing king lotto - the rd album repackagedisc lottolucky onemonsterartificial lovecan't bring me downcloud heaven she's dreaming white noise one and onlythey never knowstrongermonster disc lotto lucky one monster artificial love can't bring me down cloud heaven she's dreaming white noise one and only they never know stronger monster ex'act - the rd albumdisc lucky onemonsterartificial lovecloud heaven white noise one and onlythey never knowstrongerlucky one monster disc lucky one monster artificial love cloud heaven white noise one and only they never know stronger lucky one monster sing for you - winter special album, disc unfairsing for yougirl x friend on the snowlightsaber disc unfair sing for you girl x friend on the snow lightsaber love me right - the nd album repackagekorean versionlove me righttender lovecall me babytransformer , what if..my answerexodusel doradoplayboyfirst lovehurt lady luckbeautiful exo chinese versionlove me right tender love call me baby transformer what if.. my answer exodus el dorado playboy first love hurt lady luck beautiful exo the nd album 'exodus'korean versioncall me babytransformer , what if..my answerexodusel doradoplayboyhurt lady luckbeautifulchinese versioncall me baby transformer what if.. my answer exodus el dorado playboy hurt lady luck beautiful exology chapter : the lost planet disc the lost planet haka mama let out the beast i'm lay moonlight delight angel black pearl up rising xoxo beat maker love, love, love thunder tell me what is love my lady my turn to cry baby don't cry disc machine breakin' machine . history beautiful peter pan metal deep breath overdose wolf - the legend begins wolf growl lucky black pearl love, love, love wolf growl december, the nd mini album 'overdose' - epkorean ep overdose moonlightthunderrunlove, love, lovechinese epoverdosemoonlightthunderrunlove, love, lovemiracles in december - epkorean ep miracles in decemberchristmas daythe starmy turn to cry chinese epmiracles in december christmas day the star my turn to cry the first snow miracles in december the st album'xoxo'disc wolf baby don't cryblack pearl don't golet out the beast..heart attack peter panbabymy lady wolf wolf disc wolf baby don't cry black pearl don't go let out the beast . heart attack peter pan baby my lady wolf wolf 'xoxo' disc growl xoxo lucky black pearl let out the beast..heart attack peter panbabymy lady growl disc growlwolfxoxo lucky baby don't cryblack pearl don't golet out the beast . heart attack peter panbabymy lady growl mama - epkorean epmamawhat is lovehistory two moons machinechinese epmama what is love history angeltwo moons machine embed"
20,KPOP,"missing you won't you set me free? baby, -- love -- love uh, i'ma fall in love, baby you gon' finna catch me, uh give you all of this, baby call me pretty and nasty 'cause we gonna get it, my love you can bet it on black we gon' double the stack on them, whoo i be the bonnie and you be my clyde we ride or die, xs and os missing you won't you set me free? baby, -- love -- love one, two, three , , blackpink in your area baby, -- love -- loveembed"
21,KPOP,"run run run run run run run run run run run run don't tell me bye bye you make me cry cry love is a lie lie don't tell me, don't tell me don't tell me bye bye oh run run run run run run run run run run run run run run run run run run run run run run run run don't tell me bye bye you make me cry cry love is a lie lie don't tell me, don't tell me don't tell me bye byeembed"
22,KPOP,"four tres two uno uno two nice nice nice nice four tres two fitness nice nice nice nice forever foverer * * * * ** * * nice nice nice nice english translation: i used to rely on my alarm in the morning but today, my eyes opened on its own maybe it's because today's our date i had a good dream i put on my new shoes the weather today resembles you the way to you becomes a flower path when i see your heart that's hard to see what is this feeling? very nice let me ask you something do you float around in my dream? did i get into fitness to look good for you? do you think i'll be nervous because you're my first? you're the answer to all my questions i have something to ask, how are you so pretty? just across the street, i know a good place the weather today resembles you the way to you becomes a flower path when i see your heart that's hard to see what is this feeling? very nice some people say dating is just dating that's it then make the start, the end so you can start with me and end with me like the circle we're making with our held hands there's no end this situation, forever us two, forever let's not believe in the saying that first love never comes true i hope we don't lose ourselves in familiarity so we can protect the word ""us"" i'm serious and this is random but today very nice i had fun today i hope our next date comes fast the way bringing you back home is so short let's meet again tomorrow at the same timeembed"
23,KPOP,", , , , , , , , ? , , ? , , ? ? . ! , , . , . , , yeah, uh, yeah, uh, yuh style type girl , , like a milli , go in , , ! , , , ? ? ? , ? let's go bts, rm, so now i'm telling you the story , ? this is just an intro shouting 'bout my whole mind and body you know that her refusals and bad words could never stop me they could never retard me, this is my ideology who in the world can dampen my heart's blood? nobody ? yeah that's love , wassup hey hey, hey hey, hey hey hey, hey hey, hey style style style style, style wassupembed"
24,KPOP,"? ? ? , ? , , , , ! , , , ? ? , hol' up, hol' up , say what you want say what you want ? , say what you want say what you want ? ? ? ? , ? bad bad girl, bad, bad girl """" , ? ? , hol' up ? ? , , , ? ? hol' up, hol' up , say what you want say what you want ? , say what you want say what you want ? yeah yeah , say what you want say what you want ? , *say what you want say what you want* ?embed"
25,KPOP,"? ? ? , , very much, thank you! , i'll be in panic, i'll be a fan and i'll be a man of you, you, you, you, babe , yup , yup yes, i'm a bad boy, so i like bad girl baby hello, hello hello, hello tell me what you want right now hello, hello hello, hello i'ma give it to you, girl, right now , i'm okay oh, la, la, la, la, la, la, la la, la, la, la, la, la, la la, la, la, la, la, la, la la, la, la, la, la, la, la body girl lady first ? let it go female hello, hello hello, hello tell me what you want right now hello, hello hello, hello i'ma give it to you, girl, right now , i'm okay oh, , i'm okay oh, la, la, la, la, la, la, la, la, la la, la, la, la, la, la, la, la, la la, la, la, la, la, la, la, la, la la, la, la, la, la, la, la, la, la embed"
26,KPOP,so far away don't fall away dream dream dream dream so far away don't fall away dream dream dream dream so far away don't fall away dream dream dream dream so far away so far away so far away so far away so far away don't fall away so far away don't fall away so far away don't fall away dream dream dream dream dreamembed
27,KPOP,"hell no damn huh ? ? uh i don't give a shit, i don't give a fuck uh i don't want it shit, shit my fan my hommie my fam damn fan uh show me the money shit shit uh uh uh shitembed"
28,KPOP,what's poppin' girl? what's wrong with you? holy shit for a minute seoul city tragedy baby come on * * bless you debut baby come on love your love your baby c'mon show me what you got you sexy girl pretty yo my genie be my teenie weenie mini mercedes stop that eenie meenie miny let me switch your mind let me walk with ya get it? baby come on * *embed
29,KPOP,"cause i'm comin' back home angry? hungry? yes i'm hangry , come back home come back home you must come back home you must come back home you must come back home you must come back home come back to my home, come back home come back to my home, come back home come back to my home, come back home come back to my home, come back home hunnit band, hunnit band, hunnit band , , , , started from the bottom and we still going up come back home come back home you must come back home you must come back home you must come back home you must come back home oh, you must come back you must come back you must come back home oh, you must come back you must come back you must come back home cause i'm comin' back home you must come back home you must come back home you must come back home you must come back home come back to my home, come back home come back to my home, come back home come back to my home, come back home come back to my home, come back home embed"
30,KPOP,", sorry bae , sorry bae , , sorry bae oh, face not an idol sorry bae i'm sorry bae i'm sorry bae i'm sorry bae errthing errthing errthing sorry bae bae bae bae boring bae sorry bae bae , bae bae bae bae you know me you know me but you know my name i love i love i love myself i love i love i love myself i know i know i know myself ya playa haters you should love yourself i wanna get time spotlight ahh you wanna be my life? but i love ma rule bro verse 'dream come true' you , cat mouse x like kaws ma house brick high five i love i love i love myself i love i love i love myself i know i know i know myself ya playa haters you should love yourself brr back back to the basic microphone check call me rap game rap man hashtag sucka betta run gang gang payday, paycheck rolex click clack to the bang bang click clack to the pow i'm so high so fly click clack to the bang, you and you i love i love i love myself i love i love i love myself i know i know i know myself ya playa haters you should love yourself brr i love i love i love myself i love i love i love myself i know i know i know myself ya playa haters you should love yourself brrembed"
31,KPOP,don't be like a prey be smooth like a like a snake ah woo woo ah woo woo caught in a lie caught in a lie i feel so far away you always come my way ah woo woo ah woo woo caught in a lie caught in a lie caught in a lie caught in a lie embed
32,KPOP,"i pray love you my brother so i'm me now i'm me you make me begin you make me begin you make me begin (smile with me, smile with me smile with me) you make me begin you make me begin you make me begin you make me begin (cry with me, cry with me cry with me) you make me begin brother let's cry, cry because, because you made me again you made me again you made me again you made me again you make me begin you made me againembed"
33,KPOP,"so , , oh, , , s n , , i see, follow me embed"
34,KPOP,lyricshangul girl stay with me forever ever forever ever so beautiful only you only you girl so beautiful so beautiful romanization ppajyeodeureo ppajyeodeureo neol ango isseulttaemyeon girl baralgeoshi hana eopseo nareul chaeun ni ongiga naegen jeonbuingeol neol cheoeum bwasseulttae neukkyeotdeon seollem byeonchiana stay with me neul gieokhae forever ever forever ever maeil bwado yeppeo yeppeo niga hwanaelttaedo areumdaun nungillo nareul deryeoga budeureoun songillo nareul gadwonwa neon naman barabwajwo dareun saram malgo neo eopshineun andwae neo malgoneun andwae neo hanamyeon dwae neo hanamyeon dwae maeil bwado seolle neo hanamyeon dwae so beautiful neo hanamyeon dwae neo hanamyeon dwae nareul jabajwo neo hanamyeon dwae only you harue harue hyanggiga dwae only you galsurok deo ppajyeodeureo jogeum deo gipsugi heorakhaejwo ni aneseo nareul kkaewo yeongweonhi geudaero jonjaehaejwo ppajyeodeureo ppajyeodeureo neol ango isseulttaemyeon girl baralgeoshi hana eopseo neorang itneun goshi naegen jeonbu cheongugingeol areumdaun nungillo nareul deryeoga budeureoun songillo nareul gadwonwa neon naman barabwajwo dareun saram malgo neo eopshineun andwae neo malgoneun andwae neo hanamyeon dwae neo hanamyeon dwae maeil bwado seolle neo hanamyeon dwae so beautiful neo hanamyeon dwae neo hanamyeon dwae neoye dalkomhame chwihaega neomu wiheomhae neomu wiheomhae heeonal su eopseo neowa na jungdokdwae jungdokdwae ppajyeoga neo hanamyeon dwae neo hanamyeon dwae maeil bwado seolle neo hanamyeon dwae so beautiful neo hanamyeon dwae jigeumcheoreom nae gyeote neo hanamyeon dwaeembed
35,KPOP,"bingo lyricshangul we here and we here for good k let's go b i n g o b i n g o so lady tell me about me lately b i n g o b i n g o b i n g o b i n g o b i n g o b i n g o b i b i n g o b i n g o a girl see me lady b i n g o b i n g o b i n g o b i n g o b i n g o b i n g o b i b i n g o b i n g o yeah turning up turning up we gon get it rocking now b i n g o b i n g o b i n g o b i n g o b i b i n g o b i n g o romanization we here and we here for good k let's go geurae urin haenaesseo b i n g o b i n g o nuneul tteumyeon yeogin tto eodiin geonde bamsae naege museun iri beoreojin geonde meonjeo naege ne ireumbuteo malhae achimi neomu nunbusyeo jigeum manhi hesgallyeo sasireun nado jal moreugesseo ajigeun nado nal moreugesseo so lady tell me about me lately niga nareul bwasseul ttaen eottae maemdora maemdora meorissoge maemdora tteoolla tteoolla meorissoge tteoolla geurae urin haenaesseo b i n g o igeon kkumi anijyo modeun geosi byeonhaesseo igeon kkumi anijyo geurae urin haenaesseo b i n g o b i n g o binggo b i n g o b i n g o geurae urin haenaesseo b i n g o b i b i n g o geurae urin haenaesseo b i n g o a girl see me neodo nal bwawassjanha igeon hwaksilhi jamkkodae aniya nae modeun ge wanbyeokhae juwieseon hwanhohae eojewaneun dareuge nareul chyeodaboneun saramdeul baneungeun wanjeonhi hwakkeunhae jamkkanman hoksi igeo kkuminga dasi tto kkaeeonamyeon sarajilkka geobi na lady anirago mareul hae eoseo ppalli daedaphae kkumeseo kkaegi jeone maemdora maemdora meorissoge maemdora tteoolla tteoolla meorissoge tteoolla geurae urin haenaesseo b i n g o igeon kkumi anijyo modeun geosi byeonhaesseo igeon kkumi anijyo geurae urin haenaesseo b i n g o b i n g o binggo b i n g o b i n g o geurae urin haenaesseo b i n g o b i b i n g o geurae urin haenaesseo b i n g o eojewaneun dalla eojewaneun dareun nareul chajeun geoya iriwa nareul bwa jal jikyeobwa ijen geobi nado dwidora an bwa yeah turnink up turning up we gon get it rocking now b i n g o binggo b i n g o b i n g o geurae urin haenaesseo b i n g o b i b i n g o geurae urin haenaesseo b i n g o english translation we here and we here for good k let's go we made it b i n g o b i n g o when i open my eyes, i ask where am i? what happened to me overnight? first, i call out your name the morning is too bright i'm really confused actually, i don't really know i still don't know myself so lady tell me about me lately how did you feel when you saw me? round and round, you go around my head i'm thinking of you we made it b i n g o this isn't a dream everything changed this isn't a dream we made it b i n g o b i n g o, bingo, b i n g o b i n g o, we made it b i n g o b i b i n g o we made it b i n g o a girl see me, you saw me too this isn't sleeptalking everything is perfect, people are cheering me on it's different from yesterday people who look at me have hot reactions hold on, is this a dream? i'm afraid it'll disappear if i wake up lady, tell me it isn't so hurry and answer me before i wake up from this dream round and round, you go around my head i'm thinking of you we made it b i n g o this isn't a dream everything changed this isn't a dream we made it b i n g o b i n g o, bingo, b i n g o b i n g o, we made it b i n g o b i b i n g o we made it b i n g o it's different from yesterday i will find myself different from yesterday come here, look at me, watch over me even if i'm scared, i won't look back turning up turning up we gon get it rocking now b i n g o, bingo, b i n g o b i n g o, we made it b i n g o b i b i n g o we made it b i n g oembed"
36,KPOP,"cause i know my heart is made of k gold don't stop this mountain they know we still k, still still k, still okay still k, still still k, still i don't care ready one two three goin' still k, still still k, still okay still k, still still k, still i don't care you know it's true run run color still k, still k still k tell me what you feel still, still k don't you ever feel alone okay still k, still still k don't you ever feel alone i don't careembed"
37,KPOP,"lyricsromanization iriwa iriwa baby girl eodiya eodiya to my world iriwa iriwa da julge oneul yeppeune o oneul yeppeune junbi kkeutnasseo jinjja oneul mal halgeoya neo ije keunilnasseo junbihae juuie neukdae ya da bikyeo oneul san white t-shirte him jun meorie naega bwado wanbyeokhae dadeul sorry hae jeo yeojan naega gajyeogayagesseo ginjanghajima jamkkanimyeon dwae ijebuteo neoege naega daga gal geoya neoneun mwoga geuri nopa michigetdan marya iriwa iriwa oraenmaniya neo oneul yeppeune o oneul yeppeune oneul yeppeune o oneul yeppeune shhh you talkin' to me? dodohan georeum geori eoreum gateun ne nunbichi oneul ttara deo yeppeo dodohan georeum geori eoreum gateun ne nunbichi oneul jjom simhae dwi taebuteo ehy ehy ladi dadi dai dada nungil jom jwobwa jamkkanimyeon dwae ijebuteo neoege boyeo jul geoya neoneun mwoga geuri jalna michigetdan marya iriwa iriwa oraenmaniya neo oneul yeppeune o oneul yeppeune oneul yeppeune o oneul yeppeune you know hwanjanghage yeppeun geol hwansangiya jeongmallo baekbeoneun gomin haesseo daeche nega mwonde ireohge nareul gajgo noneunde geurae malhalge oneul jeongmal yeppeune o oneul yeppeune oneul yeppeune o oneul yeppeune iriwa iriwa baby girl eodiya eodiya to my world iriwa iriwa da julge korean baby girl to my world white t-shirt sorry shhh you talkin' to me? ehy ehy ladi dadi dai dada you know baby girl to my world translation come here, come here baby girl where are you, where are you, to my world come here, come here, i'll give you everything you're pretty today you're pretty today i'm all ready i'm gonna tell you today, you're in trouble now i'm ready for all the wolves around you hey, all of you move out of way wearing a white t-shirt i bought today my hair all done even i think i look perfect sorry, everyone i need to have that girl don't be nervous it'll just take a momoent from now on i'll go to you why are you up so high? i'm going crazy come here, come here it's been a while you're pretty today you're pretty today you're pretty today you're pretty today shhh you talkin' to me? your chic sounding footsteps your ice-like eyes you look even prettier today your chic sounding footsteps your ice-like eyes you're too much today even your backside, ehy ehy ladi dadi dai dada give me a look i just need a moment from now on i'll show you why are you playing so hard to get? i'm going crazy come here, come here it's been a while you're pretty today you're pretty today you're pretty today you're pretty today you know, you're so pretty, you drive me crazy you're like an illusion i worried about this times who are you to play with me like this? yeah, i'll tell you today, for real you're pretty you're pretty today you're pretty today you're pretty today come here, come here baby girl where are you, where are you, to my world come here, come here, i'll give you everythingembed"
38,KPOP,"yeah, it's my truth it's my truth , ooh but it's my fate it's my fate , ooh maybe i, i can never fly , yeah maybe i, i can't touch the sky oh no oh no but it's my fate it's my fate , ooh maybe i, i can never fly , yeah maybe i, i can't touch the sky wide awake, wide awake, wide awake don't cry wide awake, wide awake, wide awake no lie wide awake, wide awake, wide awake don't cry wide awake, wide awake, wide awake no lie maybe i, i can never fly , yeah maybe i, i can't touch the sky embed"
39,KPOP,"i tell you something now, cry cry tell me something i'm sorry, i'm sorry, i'm sorry, my brother are you calling me a sinner? i'm sorry, i'm sorry, i'm sorry my sister so, cry, please, dry my eyes, ooh , embed"
40,KPOP,"you're in danger you're in danger you're in danger you're in danger , , , ? i'm sick ? ? , , , ? ? , uh uh unlock , ? ? , , uh i'm a love loser , uh uh embed"
41,KPOP,"time travel but always money go away hey mama hey mama hey mama hey mama hey mama, eh-oh hey mama, i'm sorry mama mama hey mama, so thanks mama mama mom pc wanna be wanna be you walking on way way way hey mama hey mama hey mama hey mama hey mama placebo i love mom hey mama hey mama hey mama hey mama hey mama hey mama hey mama hey mama hey mama hey mama embed"
42,KPOP,i know every life's a movie we got different stars and stories we got different nights and mornings our scenarios ain't just boring beer fear i wish i could love myself i wish i could love myself i wish i could love myself i wish i could love myself i wish i could love myself i wish i could love myself i wish i could love myself i wish i could love myselfembed
43,KPOP,piano piano piano i feel so nice mom i feel so nice you say without you i am nothing piano pianoembed
44,KPOP,"blackpink in your area blackpink in your area been a bad girl, i know i am and i'm so hot i need a fan i don't want a boy i need a man click clack, bada bing, bada boom all eyes on me when i step in the room if you don't know, better ask somebody watch your man hit the deck like pang pang pang parang pa patta patta, pang pang pang raise your glass to the roof like jjang jjang jjang hands up! lit with a bottle full of henny watch your mouth when you speak my name jennie with me black to the pink i wanna dance like , don't stop yah yah yah yah yah yah yah yah yah yah , yah, yah yah, yah yah yah yah, yah yah yah yah, yah yah, yah yah yah yah, yah yah yah yah, yah yah, yah yah yah yah, yah yah yah yah, yah yah, yah yah yah , ! black pink in your area uh, i'ma take what's mine so get out my way ain't got time, i go hard and slay middle finger up f-u, pay me 's baby, i pump up the jam whip it up, whip it up, baby, that lambo droppin' the chopper, i be too hot to handle savag, i'm killing them, stack up my millions stopping my paper, go brrrr, rambo front to my back i know you wanna touch lik touch, touch, to-to-touch doo-doo-doo bow don't stop yah yah yah yah yah yah yah yah yah yah , yah, yah yah, yah yah yah yah, yah yah yah yah, yah yah, yah yah yah yah, yah yah yah yah, yah yah, yah yah yah yah, yah yah yah yah, yah yah, yah yah yah , ! let's go let's go let's go let's go embed"
45,KPOP,"? boy ooh-ahh, ooh-ahh catch me but ooh-ahh, ooh-ahh bla-la-la-la wow, wow, (uh-huh) (twice!) high(oh!) la-la-la , baby boy ooh-ahh, ooh-ahh ooh-ahh, ooh-ahh bla-la-la-la ah, let me see how you gon' treat me i ain't no easy, better think about it twice let me see how you gon' treat me i ain't no easy, better think about it twice ooh-ahh, ooh-ahh catch me but ooh-ahh, ooh-ahh bla-la-la-la ooh-ahh embed"
46,KPOP,"? ooh, shy shy shy later baby cheer up baby, cheer up baby, just get it together, and then baby cheer up! boy oh whoa, shy shy shy later baby cheer up baby, cheer up baby, just get it together, and then baby cheer up! just get it together, and then baby cheer up! be a man, a real man gotta see you love me like a real man be a man, a real man gotta see you love me like a real man cheer up baby, cheer up baby, just get it together, and then baby cheer up!embed"
47,KPOP,"japanese ba-ba-ba-baby baby coordinate fashion show, show talk, talk now , oh no sweet love song ? , oh display love , baby i'm like tt, just like tt i'm like tt, just like tt tell me that you'd be my baby ba-ba-ba-baby ? i need cookie , time no good, good boo boo all the time, yeah, yeah, yeah, yeah, yeah sweet love song up & down love , baby i'm like tt, just like tt i'm like tt, just like tt tell me that you'd be my baby talk, talk now , oh no display love , baby i'm like tt, just like tt i'm like tt, just like tt tell me that you'd be my baby english translation ** i'm getting messed up, seriously just looking at me i can't do anything ba-ba-ba-baby i speak your name informally in my head before we're even acquainted any clothes coordinate nicely in the mirror, we're having a fashion show show this time i'll talk talk i promise, but i swear oh no na na na na na na na i hum to myself, my sweet sweet love song hey, why are tears coming out near you? i love you so much i cannot say i've tried being an adult my heart always displays crying emoji the more i want control i flood love is overflowing baby i'm like tt, just like tt pretend not to notice, stop it, quit it i'm like tt, just like tt tell me that you 'd be my baby appearance is standard point it's cute i don't compliment ba-ba-ba-baby depressed but why? are you hungry? sweet stimulation, i need cookie no g-g-good you get angry at a stuffed animal i want to withdraw, meaningless time today is flowing tone of your skin is no good good negative speech is boo boo mom is worried all the time yeah yeah yeah yeah yeah nanananananana my favorite sweet love song i feel annoyed with irritation i'm going to explode i love you so much i don't mean you tried dumbing depending on your reaction, you feeling up & down emergencies that have never been stop stopping love stop baby i'm like tt, just like tt stop swinging around, stop it, stop it i'm like tt, just like tt tell me that you 'd be my baby without knowing me i don't want to fall in love with someone this time is talk talk from me now i promise, but i swear oh no i cannot say i've tried being an adult my heart always displays crying emoji the more i want control i flood love is overflowing baby i'm like tt, just like tt pretend not to notice, stop it, quit it i'm like tt, just like tt tell me that you'd be my babyembed"
48,KPOP,"time limit knock, knock, knock, knock, knock on my door knock, knock, knock, knock, knock on my door knock, knock, knock, knock, knock on my door knock, knock, knock, knock, knock on my door playboy bad boy come on baby, knock, knock, knock, kno-knock on my door knock, knock, knock, kno-knock baby, knock, knock, knock, kno-knock on my door knock, knock, knock, kno-knock repeat knock on my door you don't need a gold key or get lucky everything's gonna be okay show time, make it yours ring, ring knock, knock, knock, knock, knock on my door knock, knock, knock, knock, knock on my door come in, come in, come in baby, take my hands come on baby, knock, knock, knock, kno-knock on my door knock, knock, knock, kno-knock ** baby, knock, knock, knock, kno-knock on my door knock, knock, knock, kno-knock knock on my door hey, hey, come knock on my door, oh-oh-oh, oh come on baby, knock, knock, knock, kno-knock on my door ** knock, knock, knock, kno-knock ** ** baby, knock, knock, knock, kno-knock on my door knock, knock, knock, kno-knock * repeat knock on my door* knock, knock, knock, knock on my door knock, knock, knock, knock on my door knock, knock, knock, knock on my door knock, knock, knock, knock, knock on my door knock, knock, knock, knock, knock on my doorembed"
49,KPOP,"trying to let you know sign signal i must let you know sign signal sign signal sign signal sign signal i must let you know sign signal crazy dizzy fighting sign signal ? ? signal okay, signal okay ? ? trying to let you know sign signal i must let you know sign signal ? ? ? signal okay, signal okay ? sign signal crazy dizzy fighting sign signal embed"
50,KPOP,"whatta man lyricswhatta a man,whatta a man,whatta a man good man whatta a man,whatta a man,whatta a man good man ? ? , ? you know you got me singing whatta a man,whatta a man,whatta a man good man whatta a man,whatta a man,whatta a man good man whatta a man,whatta a man,whatta a man good man whatta a man,whatta a man,whatta a man good man , , ch-ch-check me out feel so good, , , you know you got me singing! whatta a man,whatta a man,whatta a man good man whatta a man,whatta a man,whatta a man good man what a man, what a man, what a man good man what a man, what a man, what a man good man , , ? oh oh oh, oh oh , yes ! whatta a man, whatta a man, whatta a man good man whatta a man, what a man, what a man good man whatta a man, what a man, what a man good man whatta a man, what a man, what a man good man whatta a man,whatta a man,whatta a man good manembed"
51,KPOP,"lalalalala, lalalala lalalalala, lalalala oh oh oh lalalalala, lalalala oh lalalalala, lalalala lalalalala, lalalala lalalalala ice cream cake ice cream it's so tasty, come and chase me i scream, you scream gimme that, gimme that ice cream oh, vanilla, chocolate, honey, with a cherry on top oh uh lalalalala, lalalala lalalalala ice cream cake ice cream it's so tasty, come and chase me i scream, you scream gimme that, gimme that ice cream i scream, you scream gimme that, gimme that ice cream i scream, you scream gimme that, gimme that pops baby boy you-you-you-you're so fine never get me wrong my boo, i have no in that bag man i wanna pass see some good vibe gimme that, gimme that, gimme that gimme that, gimme that, gimme that ice cream ice cream cake ice cream cake it's so tasty, come and chase me ice cream cake ice cream it's so tasty, come and chase me i scream, you scream gimme that, gimme that ice cream i scream, you scream gimme that, gimme that ice cream i scream, you scream gimme that, gimme that your lips!embed"
52,KPOP,"i'm so sorry are you ready silence shall we dance romance let's go up up love romance let's go up up love ever gonna let you go baby you're mine mine mine ever gonna make you cry baby you're mine baby you're mine all in i'm yours you're mine woh let's try it let's sign it get the ink get the pen romance let's go up up love romance let's go up up love ever gonna let you go baby you're mine mine mine ever gonna make you cry baby you're mine baby you're mine baby you belong to me ever gonna let you go baby you're mine mine mine ever gonna make you cry baby you're mine baby you're mine never ever ever never ever never ever ever never ever never ever ever never ever never ever ever never ever you waited so long, i'm so sorry now i made up my mind, are you ready? i was lost for such a long time but don't worry now, i won't ever leave again each time you called me, i wasn't there, silence but don't worry, i've arrived, shall we dance let's raise our glasses, now hold my hand from now on, i won't ever let you go it has started, our romance you're ready and i'm ready there's no need to be afraid, no need to hesitate let's go up up, our love it has started, our romance you're ready and i'm ready there's no need to be afraid, no need to hesitate let's go up up, our love ever gonna let you go i won't ever leave you again, don't worry baby you're mine, mine, mine ever gonna make you cry i won't ever make you again again, don't worry baby you're mine, baby you're mine as much as i thought about it, now i'm sure all in, i'll bet all of me i promise, from now until eternity i'm yours, you're mine woh let's sweat, let's try it let's make a contract in our hearts, let's sign it get the ink, get the pen i'm not hesitating now it has started, our romance you're ready and i'm ready there's no need to be afraid, no need to hesitate let's go up up, our love it has started, our romance you're ready and i'm ready there's no need to be afraid, no need to hesitate let's go up up, our love ever gonna let you go i won't ever leave you again, don't worry baby you're mine, mine, mine ever gonna make you cry i won't ever make you again again, don't worry baby you're mine, baby you're mine every night, i was confused i wasn't sure if i could protect you but the more time passed the clearer it got i keep thinking about it the way you looked at me baby you belong to me ever gonna let you go i won't ever leave you again, don't worry baby you're mine, mine, mine ever gonna make you cry i won't ever make you again again, don't worry baby you're mine, baby you're mine i'll never ever ever never ever i'll never ever ever never ever i'll never ever ever never ever i'll never ever ever never everembed"
53,KPOP,"all this is no coincidence just, just, by my feeling the whole world is different from yesterday just, just, with your joy when you called me i became your flower as if we were waiting we bloom until we ache maybe it's the providence of the universe it just had to be that you know, i know you are me, i am you as much as my heart flutters, i'm worried the destiny is jealous of us just like you i'm so scared when you see me, when you touch me the universe has moved for us without missing a single thing our happiness was meant to be 'cause you love me, and i love you you're my penicillin, saving me, saving me my angel, my world i'm your calico cat, here to see you love me now, touch me now just let me love you just let me love you since the creation of the universe everything was destined just let me love you just let me love you let me love, let me love you let me love, let me love youembed"
54,KPOP,"dna take it, take it , love , baby i want it, this love , i-i want it, real love , dna i love us true lovers , love , baby , baby , , , , love , baby , dna la-la-la-la-la, la-la-la-la-la , dna la-la-la-la-la, la-la-la-la-la , dnaembed"
55,KPOP,"when you say that you love me , just one more time when you say that you love me , just one more time something and you can't make it nothing , , you got the best of me you got the best of me so, please just don't leave me you got the best of me , ? , ? ? , i'll be you , , take my hand right now, , ooh-woah you got the best of me, you got the best of me , , you got the best of me you got the best of me so, please just don't leave me you got the best of me , you got the best of me , , , best of me, the best of me, yeah , who got the best of me? who got the best of me? , but i know me you got the best of me you got the best of me so, please just don't leave me you got the best of me , you got the best of me when you say that you love me , just one more time when you say that you love me , just one more timeembed"
56,KPOP,"? ? but you, ooh-ooh cruel, ooh-ooh illegal, ille-e-e-e-e-e-e-gal oh, yes so, i call you illegirl, ille-e-e-e-e-e-e-girl illegal, ille-e-e-e-e-e-e-gal ? 'cause you, ooh-ooh illegal, ille-e-e-e-e-e-e-gal oh, yes so, i call you illegirl, ille-e-e-e-e-e-e-girl illegal, ille-e-e-e-e-e-e-gal but i love it anyway, anyway, anyway oh, baby, no, hey oh, baby, no, hey illegal, ille-e-e-e-e-e-e-gal oh, yes so, i call you illegirl, ille-e-e-e-e-e-e-girl illegal, ille-e-e-e-e-e-e-gal but i love it anyway, anyway, anyway ille~gal ille~gal but i want it anyway anyway anywayembed"
57,KPOP,"paradise can't close your eyes ooh-ooh-ooh, oh-oh-oh-oh-oh ooh-ooh-ooh-ooh, oh-oh-oh-oh-oh ooh-ooh-ooh, oh-oh-oh-oh-oh ooh-ooh-ooh, oh-oh-oh-oh-oh ooh-ooh-ooh-ooh, oh-oh-oh-oh-oh ooh-ooh-ooh, oh-oh-oh-oh-oh guilty pleasure , never paradise can't close your eyes ooh-ooh-ooh, oh-oh-oh-oh-oh ooh-ooh-ooh-ooh, oh-oh-oh-oh-oh ooh-ooh-ooh, oh-oh-oh-oh-oh ooh-ooh-ooh, oh-oh-oh-oh-oh ooh-ooh-ooh-ooh, oh-oh-oh-oh-oh ooh-ooh-ooh, oh-oh-oh-oh-oh embed"
58,KPOP,"yeah, i don't care, world business class mic, mic bungee mic, mic bungee, bright light i'm fine, sorry , billboard, , worldwide i do it, i do it , sue it did you see my bag? did you see my bag? how you think 'bout that? how you think 'bout that? hater i'm so firin', firin' how you dare? how you dare? how you dare? heavy mic drop, mic drop , lodi dodi, busy mic drop, mic drop , ah once upon a time, fly yeah, i'm on the mountain, yeah, i'm on the bay , mic drop, bam did you see my bag? did you see my bag? how you think 'bout that? how you think 'bout that? hater i'm so firin', firin' how you dare? how you dare? how you dare? heavy mic drop, mic drop , lodi dodi, busy mic drop, mic drop haters gon' hate players gon' play live a life, man good luck , , , , , , yeahembed"
59,KPOP,"dollar, dollar , , , , cruisin' on the bay cruisin' like nemo pay, yeah ooh, ooh, , what's up? do you want some? dollar, dollar , , man, i spend it like some party dollar, dollar yolo, yolo, yolo, yo yolo yolo, yo , , yolo, yolo, yolo, yo where my money? yah , , *yolo, yolo, yolo, yo yolo yolo, yo , , * yolo, yolo, yolo, yo where the party? yah , , where my money? yah where the party? yah , , , , , yah go dollar, dollar , , man, i spend it like some party dollar, dollar yolo, yolo, yolo, yo yolo yolo, yo , , yolo, yolo, yolo, yo where my money? yah , , *yolo, yolo, yolo, yo yolo yolo, yo , , * yolo, yolo, yolo, yo where the party? yah , , go go go go go go go go go go go go go go go go go go go go go go go go embed"
60,KPOP,"the world is a complex we wus lookin' for love but i found myself the whole new myself damn god i swore to myself so many complex but i'm lookin' for love wonder answer i call you her, her 'cause you're my tear, tear wonder answer i call you her, her 'cause you're my tear, tear make up to wake up and dress up to mask on xx wonder answer i call you her, her 'cause you're my tear, tear wonder answer i call you her, her 'cause you're my tear, tear mask on her . mask off lost star ye , tick tock the dark is over you woke me up wonder answer i call you her, her 'cause you're my tear, tear wonder answer i call you her, her 'cause you're my tear, tearembed"
