,name,lyrics
0,relax,"i will never take back the words that i said then i will always come back to you even in the meantime i will always stand by a mirror on the shelf call you in the nighttime call you in the daytime can't fess up to you 'cause i hope we will never have to take back what we said in the night i hope that i will always have all eyes on you know that i will take what i can when you are there standing by soft, spoken in the dead of night all eyes on you i will never take back the words that i said then i always knew i'd come back to you even in the meantime i will always stand by a mirror on the shelf 'cause i hope we will never have to take back what we said in the night i hope that i will always have all eyes on you know that i will take what i can when you are there standing by soft, spoken in the dead of night all eyes on you i hope we will never have to take back what we said in the night i hope that i will always have all eyes on you know that i will take what i can when you are there standing by soft, spoken in the dead of night all eyes on you i hope we will never have to take back what we said in the night i hope that i will always have all eyes on you know that i will take what i can when you are there standing by soft, spoken in the dead of night all eyes on you i hope we will never have to take back what we said in the night i hope that i will always have all eyes on you know that i will take what i can when you are there standing by soft, spoken in the dead of night all eyes on you all eyes on you all eyes on youembed"
1,relax,"we're all scared of trenches and grow weak at knees i want you to know that if all you've ever wanted was a dream then you know that i can't help you but did i show you love in the author on my face? 'cause you know you left a hollow where your body cut an alcove did i show you love? 'cause the silence never stayed it's a breach i'll never cover it's a breach i'll never cover you happened out the back door laying bare this need oh, you opened up this vessel and gather all the quivers that never got to fly and a one and only cipher but did i show you love in the author on my face? 'cause you know you left a hollow where your body cut an alcove did i show you love? 'cause the silence never stayed it's a breach i'll never cover it's a breach i'll never coverembed"
2,relax,"when did we lose our way? easier to let it go, oh so many can't tell anybody harder to let you know call me when you made up your mind, but you won't caught up in the way that you played my heart only love could ever hit this hard oh don't be scared about it don't forget it was real do you remember the way it made you feel do you remember the things it let you feel? how do i make you stay when it's easier to let you go, oh nobody knows what we know about it no one needs to know call me when you made up your mind, but you won't caught up in the way that you played my heart only love could ever hit this hard oh don't be scared about it don't forget it was real do you remember the way it made you feel do you remember the things it let you feel? when you love to your limit you gave all you're given who you're gonna pray to when you're there when you find out that there ain't no other love, no other love for you, oh oh don't be scared about it don't forget it was real do you remember the way it made you feel do you remember the things it let you feel? oh, when you think about it do you remember me, oh do you remember the way it made you feel do you remember the things it let you feel?embed"
3,relax,"when we were younger we thought everyone was on our side then we grew a little bit and romanticized the time i saw flowers in your hair see, it takes a boy to live it takes a man to pretend he was there so then we grew a little and knew a lot and how we demonstrated it to the cops and all the things we said we were self-assured cause it's a long road to wisdom but it's a short one to being ignored be in my eyes be in my heart be in my eyes aye, aye, aye and be in my heart so now i think that i could love you back and i hope it's not too late cause you're so attractive and the way you move i won't close my eyes it takes a man to live it takes a woman to make him compromise be in my eyes be in my heart be in my eyes aye, aye, aye and be in my heartembed"
4,relax,"there's a paperclip resting on my countertop sunday morning i forgot what it's like to lose a friend yesterday, how it seemed so far away and i've said all i can say now it's time i get to going now it's time i get to find my own way and i'll leave you lonely i'll leave you lonely now i'm on the road knowing not which way to go is it yes or is it no? i don't really care for the golden sun has washed me away and i've become just another vagabond holding my head now it's time i get to going now it's time i get to find my own way and i'll leave you lonely i'll leave you lonely all in all it's a beautiful day when i wake up all alone i cannot help but run away now i'm afraid that it's all in my head don't you know that it's all in your head so you rolled the dice melt the fire burn the ice find the girl with yellow eyes and go and break her heart see that nothing changes and i know not what i've become a prisoner to everyone i've loved from the start now it's time i get to going now it's time i get to find my own way and i'll leave you lonely i'll leave you lonelyembed"
5,relax,"lost in skies of powdered gold caught in clouds of silver ropes showered by the empty hopes as i tumble down, falling fast to the ground i know i'll wither so peel away the bark 'cause nothing grows when it is dark in spite of all my fears, i can see it all so clear i see it all so clear whoa-oh-oh-oh, cover your crystal eyes and feel the tones that tremble down your spine whoa-oh-oh-oh, cover your crystal eyes and let your colours bleed and blend with mine making waves in pitch black sand feel the salt dance on my hands raw and charcoal coloured thighs feel so cold and my skin feels so paper-thin i know i'll wither so peel away the bark 'cause nothing grows when it is dark in spite of all my fears, i can see it all so clear i see it all so clear whoa-oh-oh-oh, cover your crystal eyes and feel the tones that tremble down your spine whoa-oh-oh-oh, cover your crystal eyes and let your colours bleed and blend with mine but i'm okay in see-through skin i forgive what is within because i'm in this house, i'm in this home all my time whoa-oh-oh-oh, cover your crystal eyes and feel the tones that tremble down your spine whoa-oh-oh-oh, cover your crystal eyes and let your colours bleed and blend with mineembed"
6,relax,"when the words weigh heavy on the heart i am lost and led only by the stars cage me like an animal a crown with gems and gold eat me like a cannibal chase the neon throne breathe in, breathe out; let the human in breathe in, breathe out and let it in plants awoke, and they slowly grow beneath the skin so breathe in, breathe out; let the human in the air is silk shadows form a grin if i lose control i feed the beast within cage me like an animal a crown with gems and gold eat me like a cannibal chase the neon throne breathe in, breathe out; let the human in breathe in, breathe out and let it in plants awoke, and they slowly grow beneath the skin so breathe in, breathe out; let the human in cage me like an animal a crown with gems and gold eat me like a cannibal chase the neon throne if i could only let goembed"
7,relax,"i'm halfway gone sleepless, i'm battle worn and you're all i want so bring me the dawn i need the sun to break you've woken up my heart, i'm shaking, oh my luck could change been in the dark for weeks and i've realized you're all i need, i hope that i'm not too late i hope i'm not too late back of the room how come my friends already know you? i feel like a kid too shy to speak up so i keep it hid oh, butterflies you steal my sleep each night i need the sun to break you've woken up my heart, i'm shaking, oh my luck could change been in the dark for weeks and i've realized you're all i need, i hope that i'm not too late i hope i'm not too late ooh-ooh, oh oh ooh-ooh, oh oh ooh-ooh, oh oh i need the sun to break you've woken up my heart, i'm shaking, oh my luck could change been in the dark for weeks and i've realized you're all i need, i hope that i'm not too late and i hope i'm not too late oh no, yes i'm hope i'm not too late ooh-ooh, oh oh ooh-ooh, oh oh ooh-ooh, oh oh ooh-ooh, oh ohembed"
8,relax,"i feel her filth in my bones wash off my hands til it's gone the walls they're closing in with velvet curtains some love was made for the lights some kiss your cheek and goodnight lift up a red high heel lock up your doors with steel they're makin' noise in my street my blinds are drawn i can't see smashed in my car window didn't touch the stereo slow it down, angie come back to bed rest your arms, and rest your legs act like you've been here before smile less and dress up some more tie up your scarf real tight these boys are out for blood tonight slow it down, angie come back to bed rest your arms, and rest your legs and when she stood she stood tall she'll make a fool of you all don't ask for cigarettes she ain't got nothing left for you i never, she never, we never looked back that wasn't what we were good at and when it came to love we were not good enough on slow it down, angie come back to bed rest your arms, and rest your legs don't you frown when you're feelin like that only love can dig you out of thisembed"
9,relax,"cut off all of your hair did you flinch, did you care did he look, did he stop and stare at your brand new hair local boy, local news power lines hangin boots firemen in their trucks cut loose a local boy's shoes cadillac, cadillac businessmen dressed in slacks i'm gonna buy one for us when i get back a big cadillac and you can wave to all of your friends and i'll never leave you again would you write would you call back baby if i wrote you a song i been gone but you're still my lady and i need you at home romeo, juliet balcony in silhouette makin os with her cigarette it's juliet flapper girl, flapper girl prohibition in curls hair of gold and a neck of pearls it's flapper girl and you can wave to all of your friends and i'll never leave you again would you write would you call back baby if i wrote you a song i been gone but you're still my lady and i need you at home cause if you ain't behind my door then i ain't got a home anymore would you write would you call back baby if i wrote you a song i been gone but you're still my lady and i need you at home lovers come, lovers go lovers leave me alone she'll come back to meembed"
10,relax,"she is something to behold elegant and bold she is electricity running to my soul, oh and i could easily lose my mind the way you kiss me will work each time calling me to come back to bed singing georgia on my mind and i and i lips generous and warm you build me up like steps eyes innocent and wild remind me what it's like, oh and i could easily lose my mind the way you kiss me will work each time pulling me back into the flames and i'm burning up again, i'm burning up and i, i never understood what was at stake i never thought your love was worth its wait well, now you've come and gone i've finally worked it out, i worked it out i never should have told you i never should have let you see inside don't want it troubling your mind won't you let it be? i never should have told you i never should have let you see inside don't want it troubling your mind won't you let it be? i never should have told you i never should have let you see inside don't want it troubling your mind won't you let it be? i never should have told you i never should have let you see inside don't want it troubling your mind won't you let it be? and i could easily lose my mind the way you kiss me will work each time pulling me back into the flames and i'm burning up again, i'm burning up and i, i never understood what was at stake i never thought your love was worth its wait well, now you've come and gone i've finally worked it out, i worked it out oh, oh, oh, oh ooh oh, oh, oh, ohembed"
11,relax,"can you hear me, father john have you lost what you believe? what's the matter, what's the meaning when nothing's as it seems? sit down at the table now there's reason, there's reprieve even those who are yet to go are sharers in your grief cause in a little while when all will be older you're gonna say goodbye go and get your closure in years when you're just a haze on the water and then when it clears it's another's turn to discover what you know they'll have to let go like you can you hear me, caleb on the morning when you came it was me who wrote onto the wooden door your name it will last there longer than in this body i can stay if you ever return again write another's on the frame cause in a little while when all will be older you're gonna say goodbye go and get your closure in years when you're just a haze on the water and then when it clears it's another's turn to discover what you know they'll have to let go like youembed"
12,relax,"from nowhere - live at spotify offices / lyricsevery now and then i fall every now and then i lose control in your eyes i see your thoughts surrounding me and i've a little bit of thought for you 'cause every now and then i fall a bit behind every time i stare into your eyes 'cause every now and then i fall a bit behind every time i stare into your eyes your thrills i find it's not hard to be left behind so i'll run, you'll hide we know better than to stay outside you're cold and your awake you said i should have never of stayed but there's no better place for me 'cause every now and then i fall a bit behind every time i stare into your eyes 'cause every now and then i fall a bit behind every time i stare into your eyes 'cause every now and then i fall a bit behind every time i stare into your eyes 'cause every now and then i fall a bit behind every time i stare into your eyes every time i stare into your eyes every time i stare into your eyes every time i stare into your eyesembed"
13,relax,"love like this lyricsrunning through the heat heart beat you shine like silver in the sunlight you light up my cold heart it feels right, in the sun we're running round like love is what we found like nothing else could matter in our life but wait, but wait, but wait the sun will stop shining soon and you'll be dark from my life it's as simple as a change of heart a love like this won't last forever i know that a love like this won't last forever but i, i don't mind, i don't mind at all slipping into the night love it grows dark but you don't mind hiding in the back streets, yeah, you'll never notice me all that i was thinking is cleaning up my conscience i got lost in the memory as it shakes up the corners of my heart was it my mistake? or maybe it was just as simple as a change in your heart just as simple as a change of a heart a love like this won't last forever i know that a love like this won't last forever a love like this a love like this a love like this a love like this a love like this won't last foreverembed"
14,relax,"i never meant to get us in this deep i never meant for this to mean a thing oh, i wish you were the one wish you were the one that got away i got caught up by the chase and you got high on every little game i wish you were the one wish you were the one that got away oh, if i could go back in time when you only held me in my mind just a longing gone without a trace oh, i wish i'd never ever seen your face i wish you were the one wish you were the one that got away i miss the way you wanted me when i was staying just out of your reach begging for the slightest touch ooh, you couldn't get enough, mmm oh, if i could go back in time when you only held me in my mind just a longing gone without a trace oh, i wish i'd never ever seen your face i wish you were the one wish you were the one that got away got away from me got away from me before anybody has to bleed oh, if i could go back in time when you only held me in my mind just a longing gone without a trace oh, i wish i'd never ever seen your face i wish you were the one i wish you were the one wish you were the one i wish you were the one that got awayembed"
15,relax,"oh, i know why you chasing all the headlights oh, 'cause you always tryina get ahead of light baby when you go you know i'll be waiting on the other side and i know it's cold but if you stay then i can keep you warm at night don't be a fool for the city lights i know it's cool but it's only light baby with you i can never lie don't go chasing all the headlights oh, i could feel the beating of your heart on drum oh, don't know if i'm dreaming or if you have gone every time you go hits me like a bullet from a golden gun yeah i know it's cold but if you stay then i could keep you warm at night don't be a fool for the city lights i know it's cool but it's only light baby with you i can never lie so, don't go chasing all the headlights oh-oh-oh don't go chasing all the headlights oh-oh-oh don't go chasing all the headlights oh-oh-oh - oohn - ooohn oh-oh-oh - oohn - ooohn don't be a fool for the city lights i know it's cool but it's only light baby with you i can never lie don't go chasing all the headlightsembed"
16,relax,"all i want is nothing more to hear you knocking at my door 'cause if i could see your face once more i could die a happy man, i'm sure when you said your last goodbye i died a little bit inside i lay in tears in bed all night alone without you by my side but if you loved me, why'd you leave me? take my body, take my body all i want is, and all i need is to find somebody, i'll find somebody like you, oh, oh, oh like you, like you so you brought out the best in me a part of me i'd never seen you took my soul and wiped it clean our love was made for movie screens but if you loved me, why'd you leave me? take my body, take my body all i want is, and all i need is to find somebody, i'll find somebody oh, oh, oh, oh oh, oh, oh, oh oh, oh, oh, oh, oh, oh if you loved me, why'd you leave me? take my body, take my body all i want is, and all i need is to find somebody, i'll find somebody like youembed"
17,relax,"well, i don't know how, and i don't why but when something's living, you can't say die you feel like laughing, but you start to cry i don't know how, and i don't know why well, i don't have many, and i don't have much in fact i don't have any, but i got enough cause i know those eyes, and i know that touch i don't have many, and i don't have much but oh, darling, my heart's on fire oh, darling, my heart's on fire oh, darling, my heart's on fire for you well, i don't know where, and i don't when but i know we'll be lovers again i'll see you some day before the end i don't know where, and i don't know when but oh, darling, my heart's on fire oh, darling, my heart's on fire oh, darling, my heart's on fire you know those love songs break your heart you know those love songs break your heart you know those love songs break your heart oh, darling, my heart's on fire oh, darling, my heart's on fire oh, darling, my heart's on fire oh, darling, my heart's on fire oh, darling, my heart's on fire oh, darling, my heart's on fire oh, darling, my heart's on fire oh, darling, my heart's on fire for youembed"
18,relax,"wish enough, wise man'll tell you a lie window broke, torn up screens who'd have thought that you'd dream of a single tragic scene i just want to sing a song with you i just want to take it off of you 'cause blue eyes you are all that i need 'cause blue eyes you're the sweet to my mean fess it up, dot on the palm of your hand i can help you to stand saved it up for this dance tell me all the things you can i just want to sing a song with you i just want to take it off of you 'cause blue eyes you are all that i need 'cause blue eyes you're the sweet to my mean all the lights on and you are alive but you can't point the way to your heart so sublime, when the stars are aligned but you don't know you don't know the greatness you are 'cause blue eyes you are all that i need 'cause blue eyes you're the sweet to my mean i just want to sing a song with you i just want to take it off of you 'cause blue eyes you are all that i need 'cause blue eyes you're the sweet to my mean i just want to sing a song with you i just want to sing a song with youembed"
19,relax,"hey, are you lonely? summer gone so slowly we found the ground and that damage was done it's cold as you fade into the sun where'd you go? to me? but you're alive! well, it's only fallen frames, they told me you stand out, it's so loud and so what if it is? it's cold as you face into the wind where'd it go to? tonight the sun shall see its light so what if you catch me where would we land? in somebody's life for taking his hands sing to me hope as she's thrown on the sand all of our work is raided again where to go? and you were somehow the rain this thing could allow i tried but it's all wrong you're so strong and this life and work and choice took far too long where'd it go? tonight the sun shall see its light so what if you catch me where would we land? in somebody's life for taking his hands sing to me hope as she's thrown on the sand all of our work is raided again when i was sure you'd follow through my world was turned to blue when you'd hide your songs would die so i'd hide yours with mine and all my words were bound to fail i know you won't fail see, i can tellembed"
20,relax,"i'm caught up when you look at me you let my heart breathe with ease chasing stars in our galaxy making our own make-believe i want you when the sun goes low your body warmth wants me close you say you're always by my side 'til my blood runs dry and i know that i won't be the same without you don't let this moment slip away i'll take you for a drive kiss me on the corner with your hand in mine ooh, say you love me too i'll give it to you freeze time when we align our love won't be confined no way that the eye can hide 'til my blood runs dry and i know that i won't be the same without you don't let this moment slip away i'll take you for a drive kiss me on the corner with your hand in mine ooh, say you love me too here to stay, you and i dancing in the colour of the golden light ooh, say you love me too i'll give it to you i close my eyes i don't wanna escape let the tides rise in my heart i'll take you for a drive kiss me on the corner with your hand in mine ooh, say you love me too here to stay, you and i dancing in the colour of the golden light ooh, say you love me too i'll give it to youembed"
21,relax,dancing where the stars go blue dancing where the evening fell dancing in your wooden shoes in a wedding gown dancing out on th street dancing through the underground dancing little marionette are you happy now? where do you go when you're lonely where do you go when you're blue where do you go when you're lonely i'll follow you when the stars go blue stars go blue stars go blue stars go blue laughing with your pretty mouth laughing with your broken eyes laughing with your lover's tongue in a lullaby where do you go when you're lonely where do you go when you're blue where do you go when you're lonely i'll follow you when the stars go blue stars go blue stars go blue stars go blueembed
