,name,lyrics
0,spring 16,"i'll meet you at the divide to break the spell a point where two worlds collide yeah, we'll rebel and we run, and we run, and we run, and we run and we run, and we run, and we run until we break through if i get high enough if i get high enough, will i see you again? i fill my lungs every night not long to wait and if i do this thing right i dream of our escape oh, and we run, and we run, and we run, and we run and we run, and we run, and we run until we break through if i get high enough if i get high enough, will i see you again? will i see you again? if i get high, if i get high if i get high and we run, and we run, and we run, and we run and we run, and we run, and we run until we break through oh, and we run, and we run, and we run, and we run and we run, and we run, and we runembed"
1,spring 16,"if i told you i could give you life would you leave the boundaries of your mind? i bet you never even knew that there's a universe inside of you can i take your pain and make it go away would you let me be your getaway no no no no, i bet you never knew there's a universe inside of you can i undress you you, you undress you you, you undress you you, you undress you you, you undress you there's a universe inside of you if i color you with all my thoughts would you lose your fears of being lost? i bet you never even knew i see the universe inside of you can i make you feel okay? would you let me take you to a higher place? no no no no, i bet you never knew there's a universe inside of you can i undress you you, you undress you you, you undress you you, you undress you you, you undress youembed"
2,spring 16,"glacier lyricssomeone here's a lie, somewhere underneath, caught between the railing, mirroring the beat i no longer feel and the years asleep show no sense of hope, staring honestly i wanna go south of the river, glacier slow in the heart of the winter i wanna go south of the river, facing alone in the heart of the winter and this we'll celebrate, this we'll celebrate there and on the stage, this is a mistake damn me off too long down the earth and moon, damn the clawing kneeling, rustling into change in a moment i was caught, calling by a storm in the moment of a hot i wanna go south of the river, glacier slow in the heart of the winter i wanna go south of the river, facing alone in the heart of the winter i'm not in a glove called how few became, few became as glory as along against the forest state and starting living in the new harrow since, harrow since the farthest reach underneath inside a cheat something is alive, somewhere underneath caught between the real and the fake i don't want to fit, there and has been found silence is so cold, and there's no sense at all and i was someone else, i was something good barely in the old there among the cold i wanna go south of the river, glacier slow in the heart of the winter i wanna go south of the river, facing alone in the heart of the winterembed"
3,spring 16,"we can build a treehouse in the pine trees we can keep our secrets buried underneath wildflowers crush between your fingers clinging to the wild things that raised us compass points you home calling out from the east compass points you anywhere closer to me if we make it out alive from the depths of the sea compass points you anywhere closer to me where you are, i will be miles high, in the deep where you are, i will be anywhere, in-between take me to the garden of your ecstasy make myself a headband from your fallen leaves woven in the fabric of your tapestry cover me in honeysuckle memories compass points you home calling out from the east compass points you anywhere closer to me if we make it out alive from the depths of the sea compass points you anywhere closer to me where you are, i will be miles high, in the deep where you are, i will be anywhere, in-between i will take the pieces put them back together even when the grass isn't green enough taking all the branches build ourselves a mansion love you in the way that you needed love where you are, i will be where you are, i will be miles high, in the deep where you are, i will be anywhere, in-betweenembed"
4,spring 16,"so i heard you found somebody else and at first, i thought it was a lie i took all my things that make sounds the rest i can do without i don't want your body but i hate to think about you with somebody else our love has gone cold you're intertwining your soul with somebody else i'm looking through you while you're looking through your phone and then leaving with somebody else no, i don't want your body but i'm picturing your body with somebody else i don't want your body, i don't want your body i don't want your body, i don't want your body i don't want your body, i don't want your body i don't want your body, i don't want your body and c'mon baby this ain't the last time that i'll see your face and c'mon baby you said you'd find someone to take my place i just don't believe that you have got it in you 'cause we are just gonna keep ""doin' it"" and every time i start to believe in anything you're saying i'm reminded that i should be gettin' over it i don't want your body but i hate to think about you with somebody else our love has gone cold you're intertwining your soul with somebody else i'm looking through you while you're looking through your phone and then leaving with somebody else no, i don't want your body but i'm picturing your body with somebody else i don't want your body, i don't want your body i don't want your body, i don't want your body i don't want your body, i don't want your body i don't want your body, i don't want your body get someone you love? get someone you need? fuck that, get money i can't give you my soul, 'cause we're never alone get someone you love? get someone you need? fuck that, get money i can't give you my soul, 'cause we're never alone get someone you love? get someone you need? fuck that, get money i can't give you my soul, 'cause we're never alone get someone you love? get someone you need? fuck that, get money i can't give you my soul, 'cause we're never alone i don't want your body but i hate to think about you with somebody else our love has gone cold you're intertwining your soul with somebody else i'm looking through you while you're looking through your phone and then leaving with somebody else no, i don't want your body but i'm picturing your body with somebody else embed"
5,spring 16,"i've got a god-shaped hole that's infected and i'm petrified of being alone now it's pathetic, i know and i tossed and i turn in my bed it's just like i lostmyhead and if i believe you will that make it stop? if i told you i need you is that what you want? and i'm broken and bleeding and begging for help and i'm asking you jesus, show yourself i thought i'd met you once or twice but that was just because the dabs were nice and opening up my mind showing me consciousness is primary in the universe and i had a revelation i'll be your child if you insist i mean if it was you that made my body you probably shouldn't have made me atheist but, oh, i'm a lesbian kiss i'm an evangelist and if you don't want to go to hell then miss, you better start selling this and if i believe you will that make it stop? if i told you i need you is that what you want? and i'm broken and bleeding and begging for help and i'm asking you jesus, show yourself if i'm lost then how can i find myself? if i'm lost then how can i find myself? if i'm lost then how can i find myself? if i'm lost now then how can i find myself? if i'm lost now then how can i find myself? if i'm lost then how can i find myself? then how can i find myself? if i'm lost now then how can i find myself? yeah, yeah, yeah if i'm lost now then how can i find myself? yeah, yeahembed"
6,spring 16,"lover, i know you're weary eyes are tired from the night lover, come to the kitchen floor tiles are cold, so am i so take from me what you want, what you need take from me whatever you want, whatever you need but lover, please stay with me, oh lover, i feel your sorrow pouring out of your skin and i don't wanna be alone if i am tonight, i'll always be so take from me what you want, what you need take from me whatever you want, whatever you need but lover, please stay with me, oh and i can see you, i can feel you slipping through my hands oh and i can taste you, i can taste you slipping through my hands so take from me what you want, what you need take from me whatever you want, whatever you need my lover, please stay with me my lover, please stay with meembed"
7,spring 16,"go slow so that i can hear everything you're saying now, i know you're going you just threw this away you know i ain't gonna take it but we ain't gonna make it i can't make you stay but i'll be hurting from the heat heat heat heat heat heat heat heat heat heat heat heat heat hurting from the heat heat heat heat heat heat heat heat heat heat heat heat heat well, well was it something that i said? from your heat now going crazy trying hard to forget from your heat now oh, i just wanna go back, hold on, to the way that i was cause you took away all my young life and i hate who i've become, from your heat now from the heat, it's coming, coming i know i'm giving in and believing every lie for now the moon is night i turn off the light and you shook up the foundation with your intimidation oh, when you turn away now i'll be hurting from the heat heat heat heat heat heat heat heat heat heat heat heat heat hurting from the heat heat heat heat heat heat heat heat heat heat heat heat heat well, well was it something that i said? from your heat now going crazy trying hard to forget from your heat now oh, i just wanna go back, hold on, to the way that i was cause you took away all my young life and i hate who i've become, from your heat now no, from your heat now no, from your heat now now, from your heat now, from your heat now from your heat now, from your heat now now baby now, from your heat now, from your heat now from your heat now now now now now well, well was it something that i said? from your heat now going crazy trying hard to forget from your heat now oh, i just wanna go back, hold on, to the way that i was cause you took away all my young life and i hate who i've become, from your heat now from your heat now oh, i just wanna go back, go back go back, go back go back, go back go back i just wanna go back, go back go back, go back woahembed"
8,spring 16,"and the heart is hard to translate it has a language of its own it talks in tongues and quiet sighs in prayers and proclamations in the grand deeds of great men and the smallest of gestures in short shallow gasps but with all my education i can't seem to command it and the words are all escaping, and coming back all damaged and i would put them back in poetry if i only knew how i can't seem to understand it and i would give all this and heaven too i would give it all if only for a moment that i could just understand the meaning of the word you see 'cause i've been scrawling it forever but it never makes sense to me at all and it talks to me in tiptoes and it sings to me inside it cries out in the darkest night and breaks in the morning light but with all my education i can't seem to command it and the words are all escaping, and coming back all damaged and i would put them back in poetry if i only knew how i can't seem to understand it and i would give all this and heaven too i would give it all if only for a moment that i could just understand the meaning of the word you see 'cause i've been scrawling it forever but it never makes sense to me at all and i would give all this and heaven too i would give it all if only for a moment that i could just understand the meaning of the word you see 'cause i've been scrawling it forever, but it never makes sense to me at all no words poor language it doesn't deserve such treatment and all my stumbling phrases never amounted to anything worth this feeling all this heaven never could describe such a feeling as i'm hearing words were never so useful so i was screaming out a language that i never knew existed beforeembed"
9,spring 16,"from the movements you made and the soft gaze you gave you understood ooh, ooh and i knew it wouldn't last but in the clean light you cast i was good i was good from the movements you made and the soft gaze you gave you understood ooh, ooh and i knew it wouldn't last but in the clean light you cast i was good i was good and no matter what i do, i know you got me, girl from the movements you made and the soft gaze you gave you understood ooh, ooh and i knew it wouldn't last but in the clean light you cast i was good i was good all the years my soul, all the things you thought i did this soulless kid was under all my skin all the things i tried to say remain within i'm cooling in the clay i've always been molded this way all the years my soul, all the things you thought i did this soulless kid was under all my skin all the things i tried to say remain within i'm cooling in the clay i've always been molded this way all the years my soul, all the things you thought i did this soulless kid was under all my skin all the things i tried to say remain within i'm cooling in the clay i've always been molded this way all the years my soul, all the things you thought i did this soulless kid was under all my skin all the things i tried to say remain within i'm cooling in the clay i've always been molded this wayembed"
10,spring 16,"it's gone too far to ever go back you know i wouldn't give you up but baby, i don't want that it hits you so hard to be so good you know you keep so still and maybe it's a kind of flag maybe it's the reason that i'm back maybe it's alright maybe i've always been this kind baby, it's too hard, i'm too scarred for this to work again but you know i still wake up with you every morning like we're still dead i heard she's running out again i know you're over that i know that look you didn't want you're all i've got i heard you're fired up again i know something doesn't feel right you know it's gotta feel right it's not the same now then for a while, this feeling hasn't changed it eats me so hard to feel so great you know you kept so clean, i was the reason that you didn't stay maybe it's the reason you're so glazed maybe it's alright maybe i've always been so afraid baby, it's too hard, i'm too scarred for this to work again but you know i still wake up with you every morning like we're still dead i heard she's running out again i know, get over that i know that look you didn't want you're all i've got i heard you fucked it up again i know something doesn't feel right you know it's gotta feel right i heard she's running out again i know you're over that i know that look you didn't want, you're all i've got i heard you fucked it up again i know something doesn't feel right you know it's gotta feel rightembed"
11,spring 16,vibrations of tremors that shook long ago tear holes in the fabric of all that we know can't survive with the secrets we have all that we have is a lie hold the line 'til the thread comes undone if you're thinking of letting me go then it's time that you do if you're thinking of letting me go then it's time that you do if you're thinking of letting me go... bloodlines we etched when we merged into one rewind and scar long before they were done can't survive with the secrets we share if all that we share is a lie hold the line let the thread come undone if you're thinking of letting me go then it's time that you do if you're thinking of letting me go then it's time that you do if you're thinking of letting me go... if you're thinking of letting me go then it's time that you do if you're thinking of letting me go then it's time that you do if you're thinking of letting me go then it's time that you do if you're thinking of letting me go then it's time that you do vibrations of tremors that shook long ago vibrations of tremors that shook long ago vibrations of tremors that shook long ago vibrations of tremors that shook long ago that shook long ago vibrations of tremors that shook long agoembed
12,spring 16,"nao me deixe mostrar crueldade embora eu possa cometer erros nao me deixe mostrar feiura embora eu sei que eu posso odiar e nao me deixe mostrar maldade embora talvez seja tudo o que eu tenha me mostre amor, me mostre amor me mostre amor eu tenho um torcicolo no meu pescoco, meus passos sao mancos caibra nos meus musculos toda vez que eu tento flexionar nos stamos magoados nao realmente na mntalidade certa pra parecer aberta, aberta nunca fui lutado de verdade, tipo um martir politico mas voce me fez escutar a subida da sua peticao amor, vamos esquecer disso e muito triste, sem mais amor tudo que eu pude fazer foi lembrar de voce ooh-ooh, ooh-ooh, ooh voce sabe que eu costumo dizer nao mas se voce me jogar amor, eu vou jogar mais um pouco nao me deixe mostrar crueldade embora eu possa cometer erros nao me deixe mostrar feiura embora eu sei que eu posso odiar e nao me deixe mostrar maldade embora talvez seja tudo o que eu tenha me mostre amor, me mostre amor me mostre amor oh, me mostre amor quando eu vazar, quando eu vazar a cidade que eu sempre falo sobre, que eu rimo sobre me mostre amor porque eu amo isso, eu amo isso a unica coisa que eu poderia cobicar em publico eu so vim pra mostrar amor, voce ta feliz porque eu apareci garoto, respeite os mais velhos, eu sou a porra de um adulto a galera me disse: fica doido; os manos nao sao pra ninguem mas sem conversa durante o jantar, ou para bacon que comem rosquinhas cidade numa agitacao, se pa eu mostro meu bonus caixas de coronas e minha pequena maconha eu vou enfrentar um dub inteiro, o-z's pros meus soldados fala pros haters esperarem, esses negos vao mostrar amor nao me deixe mostrar crueldade embora eu possa cometer erros nao me deixe mostrar feiura embora eu sei que eu posso odiar e nao me deixe mostrar maldade embora talvez seja tudo o que eu tenha me mostre amor, me mostre amor me mostre amor eu vejo voce voce me ve maos pesadas penduradas me liberte nao deixe a sensacao de que estou sozinho me enganar apenas me deixe entrar e me mostre o amor e nao me deixe mostrar maldade embora talvez seja tudo o que eu tenha me mostre amor, me mostre amor me mostre amor e nao me deixe mostrar maldade embora talvez seja tudo o que eu tenha me mostre amor, me mostre amor me mostre amorembed"
13,spring 16,new music friday // lyricsclick links for lyrics! the playlist link can be found in the song bio!blink- - she's out of her mind tayler buono - technically single demi lovato - body say powers - sunshine dagny - fool's gold feat. brns rihanna - sledgehammer taking back sunday - tidal wave blood orange - augustine mr. probz - fine ass mess biffy clyro - medicine xan young - tomorrow embody - dreamin' feat. camden cox pierce fulton - make me blue blink- - home is such a lonely place buster moe - i'll be fine american authors - what we live for maxwell - fingers crossed logic - the jam midoca - never coming down feat. lostboycrow olsson - hold on feat. mapei problem - my squad feat. chainz roy woods - gwan big up yourself stalking gia - second nature grace - church on sunday virtual riot - flutter feat. madi arman cekin - california dreaming feat. paul rey a boogie wit da hoodie - my shit beach tiger - companion goodbye june - man of the moment darius rucker - if i told you frances - say it again sum - fake my own death chevelle - rivers avi on fire - pearls syd arthur - sun rays young summer - alright tor miller - surrender billie eilish - six feet under louis the child & icona pop weekend shake - bass for my thoughts mabel - thinking of you safia - over you the kills - doing it to death jacob collier - hajanga attlas - ryat songhoy blues - sekou oumarou haley & michaels - drinking about youembed
14,spring 16,"it already started i tried to stop it, but i already know you are something i should do without, but i won't i'm under the table just keep wishing i'll come out, but i don't you are something i should do without, but i won't please, tell me that this could be easy i'm tired of waiting for permission to love heartbreak is your game, but i'm learning my heart could be yours won't you make it your home? i'm already falling i couldn't help it, didn't think of the risk i got a problem, problem when i look in your eyes you're mine and you know it i'd still do it even if we were cursed won't you be my problem? it's okay with me if it hurts please, tell me that this could be easy i'm tired of waiting for permission to love heartbreak is your game, but i'm learning my heart could be yours won't you make it your home? please, tell me that this could be easy i'm tired of waiting for permission to love heartbreak is your game, but i'm learning my heart could be yours won't you make it your home? please, tell me that this could be easy i'm tired of waiting for permission to love heartbreak is your game, but i'm learning my heart could be yours won't you make it your home?embed"
15,spring 16,"taxi driver be my shrink for the hour leave the meter running it's rush hour so take the streets if you wanna just outrun the demons, could you? he said allahu akbar i told him, don't curse me bo bo, you need prayer i guess it couldn't hurt me if it brings me to my knees, it's a bad religion, ooh this unrequited love to me, it's nothin' but a one-man cult and cyanide in my styrofoam cup i can never make him love me never make him love me love me, love me love me, love me love me, love me love me, love me love me, love taxi driver i swear i've got three lives balanced on my head like steak knives i can't tell you the truth about my disguise i can't trust no one and you say allahu akbar i told him, don't curse me bo bo, you need prayer i guess it couldn't hurt me if it brings me to my knees, it's a bad religion oh, unrequited love to me, it's nothin' but a one-man cult and cyanide in my styrofoam cup i can never make him love me never make him love me no, no, ahh it's a, it's a bad religion to be in love with someone who could never love you oh-oh-oh, only bad, only bad religion could have me feeling the way i doembed"
16,spring 16,"odnalaem mape zycia, juz sie nie pogubie brachu przepraszam was wszystkich, nie chciaem prowokowac ez ale gupi ludzi robia gupstwa ze strachu przed jutrem, gdy przygniata stres wstyd mi byo za siebie, kiedy staem na tym dachu i dotaro do mnie, ze nie tak wygladac ma smierc bo mimo, ze to zycie gorzkie jest jak feta w smaku trzeba stawic mu czoa i zacisnac piesc ile masz, tyle daj nie chce byc sam wezme wszystko, wole tylko nie czuc tego wiecej ile masz, tyle daj nie chce byc sam niech moj diler zacznie handlowac juz tylko szczesciem zagubiony tak jak lad, zagubiony tak jak nigdy wczesniej atwo jest postawic krok, ale wrocic jest troszeczke ciezej cay czas szukam mapy, cay czas dorastamy cay czas tacy sami, tacy niezdecydowani tacy prosci, tacy mali, tacy madrzy, oszukani tacy slepi, tacy winni, badz madrzejszy niz przeciwnik chce wyrzucic caa osc, ktora dusze i ty tez ja wyrzuc, jesli potrzebujesz nikt nie chce robic za to, tak jak duren i udawac, ze to wszystko mu pasuje chuje chciayby, zebysmy stali w miejscu tak jak oni ale na nieszczescie dla nich mamy chec ciagej pogoni to dopiero poczatek, ja nie czuje sie zmeczony przyoz don do mej doni, za dugo badziem sam za mna jest szmat drogi, gdzie spotkaem wiele szmat za mna spory kawa drogi, ale teraz w koncu znam ten kierunek w ktorym nogi zaprowadza nas po skarb nie licze na fart, nie liczyem nigdy nie potrzeba duzo by wygrywac bitwy bog nade mna sta i chroni od brzytwy gdy chciaem jak crusoe uciekac z tej wyspy przepraszam za krzywdy! gdybym mog tylko cofnac czas to zrobibym inaczej przepraszam za krzywdy! ale niestety sie nie da, wiec pokutuje jak facet odnalaem mape zycia, juz sie nie pogubie brachu przepraszam was wszystkich, nie chciaem prowokowac ez ale gupi ludzi robia gupstwa ze strachu przed jutrem gdy przygniata stres wstyd mi byo za siebie, kiedy staem na tym dachu i dotaro do mnie, ze nie tak wygladac ma smierc bo mimo, ze to zycie gorzkie jest jak feta w smaku trzeba stawic mu czoa i zacisnac piescembed"
