,name,lyrics
0, indie rock,"bambi lyricsi wanna tell you there's a really good reason why i came home wasted in the middle of the night a tiny kingdom at the bottom of the trees where i was always a winner and i was usually right you can watch it when you get a bit older but for now in the bad bits, i should cover your eyes she painted pictures with the tips of her fingers sewing buttons to bambi, tying strings to a kite turning into black and white underneath the swinging lights barely awake but i still got my stripes cause you're the killer with a colored kite i wanna tell you there's a really good reason why i came down easy spinning threads to the throne a tiny kingdom at the bottom of the trees where i was always a winner and i was barely alone tangled up, tongue tied tell me what to do tangled up, tongue-tied tell me what to do turning into black and whiteembed"
1, indie rock,"oh, give us your vote give us your vote if you know what's good for you oh, give us your vote give us your vote if you know what's good for you these are the lines that we straighten every year but it's the second time they mapped the constellations so we search for you by night in the deptford gravel pit until the tramp finds christ injustice is my middle name cause you don't need to change your future's with us you don't need to change your future's with us you look a wreck left your key inside the door and my rook will check across this black and white chessboard cause your english is good we can see it in your bones in this neighborhood we ain't driving you home cause you don't need to change your future's with us you don't need to change oh, give us your vote give us your vote cause your english is good we can see it in your bonesembed"
2, indie rock,we've got our tracks covered thanks to your older brother it's not the moonlight that sets me off it's not the money that makes me scoff it's my impeccable disorder where i keep on falling for her it's not the way my mother talks it's not the people that she mocks it's the nature of the experiment it's the patterns of my temperament it's the nature of the experiment they're taking me in increments we're halfway up the bracket the rain comes through my jacket it's not the stones inside my shoes it's not the risk of what's to lose it's an ancient russian proverb i doubt it's one that you've heard it's not the cracks beneath the floor it's not the fact that it's a chore it's the nature of the experiment it's the patterns of my temperament it's the nature of the experiment they're taking me in incrementsembed
3, indie rock,"you don't have my number we don't need each other now we don't need the city the creed or the culture now cause i feel, well, i feel alive i feel, well, i feel alive i feel the streets are not pulling me down so people of the city i don't need your counsel now and i don't need your good advice cause you don't have my lover's touch you don't have my number we don't need each other now the creed or the culture we can move beyond it now now the wolf is knocking at my door bang-bang, it asks for more stand here, we stand tall we can move beyond these walls and i don't need your counsel and i don't need these city streets and i don't need that good advice cause we can move beyond it now you don't have my number we don't need each other now the creed or the culture you don't have my lover's touch cause i feel, well, i feel alive i feel, well, i feel alive i feel the streets are not far from here can you even hear me? do you even know my name? can you see the ocean there? you don't have my lover's touch you don't have my number you don't have my number i wonder, can you hear me? and are you even listening now? 'cause you don't have my number and we don't need each other now and you can't steal my thunder cause you don't have my lover's touch you don't have my number and i don't need no one now and i don't need these city streets the creed or the culture now now nowembed"
4, indie rock,"the start of something lyricsthis time of night i could call you up i get angry with athletic ease break common laws in twos and threes if i die clutching your photograph don't call me boring, it's just cause i like you oh, take me on back, take me on back, and take me back to the place where i could feel your heart is this the end or just the start of something really, really beautiful wrapped up and disguised as something really really ugly? won't you... come by and see me, i'm a love-letter away i'd break your name before i'd say: i really love you, love you, no, i don't care if you saw i watched every inch of film flash across your roman features and i loved it, loved it no, i don't care if... you think i'm eager to shut your eyes well, i'm sorry everybody knows you can't break me with your gutter prose would you believe it? she sent me a letter the ring, it nearly weighs her down she's got another boy, oh boy steady your ears, steady your ears and read my lips poetry is not a luxury, it's how i break this home and when i'm really ill, won't you cradle me? man is not a noble animal, but maybe woman is remember, i heard you... inside your room you said: you'd never really live until your back's against the wall oh did you really mean it? no, i never break my gaze, if just to see the scar remain reflected in your eyes i think it's time to go home oh, tell me your thoughts tell me your thoughts on liberty see there's a place where i sink to sleeping she said: oh, my vote is as red as my blood, will you join me for another round? i haven't had the chance to speak yet godspeed... i break the law once every week to feel your touch oh, what's a book to you in bed? do you feel better? older? say this just makes me ill your name is dripping from my pen still, you're not around to curse i've gotta drop the gun now say i'm still under you marianne, let the ghosts sleep tonight marianne, let the ghosts sleep just shut your eyes and burn the past marianne, let the ghosts sleep tonight marianne, let the ghosts sleep just shut your eyes and burn the past marianne, let the ghosts sleep tonight marianne, let the ghosts sleep just shut your eyes and burn the past marianne, let the ghosts sleep tonight marianne, let the ghosts sleep just shut your eyes and burn the pastembed"
5, indie rock,"ghost lyricsi'll be the one to let this roof cave in on me buried in this house, this wooden graveyard by the sea we push away our families to understand our needs the love and all the hate i used to hold in front of me restless nights, all dizzy spells, all sand between my sheets showing signs of thirst like dried out boardwalk-blistered feet and now i know i never knew about you, only me we carried this inside like some disease we couldn't beat but we could work, to try to live and get by to make our family in a second-floor apartment standing on a threshold, body out and flesh cold go ahead and celebrate the things you lost try to grieve, to flex and release to cry and work out with the underrate apartment moments are a lifetime lockin' in a straight line this could take a little while to shake things off down by the water's edge under a dying tree i let my body slip something inside of me but when i came around some kind of murky face i don't ever want to be alone like this and i will tuck into you like i always long to be shadows just a shade of light not darkness in degree it was you who knew me first, saw this wasn't meant for kids like me some brutal natural force we only feel, we never see but as you grip the tide you blundered aside your heads got smaller until they vanished into silence sinking in a white foam running to a new home we can only understand the things we see you cease, desist and view me like this the eyes wide open in the beauty of the bright lights standing on a threshold body out and flesh cold i don't ever want to be alone like this, no i have no choice but to be vicious on my feet i never sleep, i never eat i am learning how to be lost completely i want to be found, we crave the things we push away these patterns cut like every day i need you to reach i need you to need me down by the water's edge under a dying tree i let my body slip something inside of me but when i came around some kind of murky face shakin' my bones put me back in my place i don't ever want to be alone like this haunted by the presence of the things i miss i don't ever want to be alone like this haunted by the presence of the things i miss, no i am becoming the ghost of myself oh, i am becoming the ghost of myself trapped little secrets, little things we never tell oh, i am becoming the ghost of myselfembed"
6, indie rock,"build a wall of books between us in our bed repeat, repeat the words that i know we both have said relax into the need, we get so comfortable remember when i was so strange and likable? i just want back in your head i just want back in your head i'm not unfaithful but i'll stray when i get a little scared when i get a little scared when i get a little when i jerk away from holding hands with you i know these habits hurt important parts of you remember when i was sweet and unexplainable? nothing like this person, unlovable i just want back in your head i just want back in your head i'm not unfaithful but i'll stray when i get a little scared when i get a little scared when i get a little scared when i get a little run, run, run, run run, run, run, run i just want back in your head i just want back in your head i'm not unfaithful but i'll stray i'm not unfaithful but i'll stray i'm not unfaithful but i'll stray i'm not unfaithful but i'll strayembed"
7, indie rock,"they say an end can be a start feels like i've been buried yet i'm still alive it's like a bad day that never ends i feel the chaos around me a thing i don't try to deny i'd better learn to accept that there are things in my life that i can't control they say love ain't nothing but a sore i don't even know what love is too many tears have had to fall don't you know i'm so tired of it all i have known terror dizzy spells finding out the secrets words won't tell whatever it is it can't be named there's a part of my world that's fading away you know i don't want to be clever to be brilliant or superior true like ice, true like fire now i know that a breeze can blow me away now i know there's much more dignity in defeat than in the brightest victory i'm losing my balance on the tight rope tell me please, tell me please, tell me please, tell me please if i ever feel better remind me to spend some good time with you you can give me your number when it's all over i'll let you know hang on to the good days i can lean on my friends they help me going through hard times but i'm feeding the enemy i'm in league with the foe blame me for what's happening i can't try, i can't try, i can't try, i can't try no one knows the hard times i went through if happiness came i miss the call the stormy days ain't over i've tried and lost now i think that i pay the cost now i've watched all my castles fall they were made of dust, after all someday all this mess will make me laugh i can't wait, i can't wait, i can't wait, i can't wait if i ever feel better remind me to spend some good time with you you can give me your number when it's all over i'll let you know if i ever feel better remind me to spend some good time with you you can give me your number when it's all over i'll let you know it's like somebody took my place i ain't even playing my own game the rules have changed well i didn't know there are things in my life i can't control i feel the chaos around me a thing i don't try to deny i'd better learn to accept that there's a part of my life that will go away dark is the night, cold is the ground in the circular solitude of my heart as one who strives a hill to climb i am sure i'll come through i don't know how they say an end can be a start feels like i've been buried yet i'm still alive i'm losing my balance on the tight rope tell me please, tell me please, tell me please, tell me please if i ever feel better remind me to spend some good time with you you can give me your number when it's all over i'll let you know if i ever feel better remind me to spend some good time with you you can give me your number when it's all over i'll let you know if i ever feel better remind me to spend some good time with you you can give me your number when it's all over i'll let you knowembed"
