,name,lyrics
0,I Put A Spell On You,"i put a spell on you because you're mine you better stop the things that you're doing i said watch out! i ain't lying, yeah! i ain't gonna take none of your fooling around i ain't gonna take none of your putting me down i put a spell on you because you're mine all right! i put a spell on you because you're mine you better stop the things that you're doing i said watch out! i ain't lying, yeah! i ain't gonna take none of your fooling around i ain't gonna take none of your putting me down i put a spell on you because you're mine all right and i took it down!embed"
1,I Put A Spell On You,"i know nothing ever keeps you safe for sure no one ever dug down so far, we'd go when heroes dropped their bombs outside no one ever knew i made it no one ever oh, bury us alive oh, bury us alive oh, bury us alive oh, bury us alive below, nothing ever grows i'd come to see i'd froze no one even noticed 'til i climbed and saw the new world clouded out the sun no one ever learned oh, bury us alive oh, bury us alive oh, bury us alive oh, bury us aliveembed"
2,I Put A Spell On You,"well i beat a bad rap when i skip a soultrap just trippin' and laughin' at the crap dap is what i get the best skins that i hit you know we rock the fuckin' joint and we split singin' and rhymin's what i'm better for when i describe i'm a scribe with a metaphor i use a simile lightly 'cause that shit's played the common way most rhymes are made, ya know i rock like this i flow like that but all those comparisons are just that kickin' different styles i'll be right here today, tomorrow, next week and next year i always say what i feel and that is a promise nothing in life is above being honest sauna is cool compared to being on stage but that's how it's gotta go in the stone age the fame in my game i name rapture like a polished rock i'll make it shine for sure word is that i've travelled become unraveled i been around the world baby gimme an apple i'll be your boogie man rather than son-of-sam what i am is what i am though we don't have too long to love a day a night we only love those who love us right back the kid is smart the kid is clever stompin' in jack-o-lantern's weather backpack strapped 'cause the world is cold headphones pumpin' don't ya know the kid is smart the kid is clever stompin' in jack-o-latern's weather rocks his hood and plays it mellow while maple leaves change into yellow and oh shit damn honey at it again tryin' to beat my high score since the age of ten see my high score flash on the back glass i was malcontented doug in gifted class now heres the deal we came to heal we gonna rock in rio oh no it's not a joke, it's how we feel put to test like a sugar ray scientist i'm always dancing in my sunday best i'm betting on my bliss and my path is lit see the microphone is live and i'm rockin' my body smooth like reggie miller in an airborne freeze frame funky like the kung-fu that can put you to shame the kid is smart the kid is clever stompin' in jack-o-lantern's weather backpack strapped 'cause the world is cold headphones pumpin' don't ya know the kid is smart the kid is clever stompin' in jack-o-latern's weather rocks his hood and plays it mellow while maple leaves change into yellow i'm like hey wait a minute give a check one two then i'm ready to begin it with a boom boom bap coming outta your trunkies give a fat shout out to the phunk junkeez stricken like a cancer taken chances but i love to see the girl windin' like the belly dancer standin' up front with a tight stomach showin' me on stage singin, flowin' we just kickin' it live we just kickin' it live 'cause if you can't kick it live you gonna die 'fraid so punk, so quit talkin' junk you need a live show like a ball player needs a dunkembed"
3,I Put A Spell On You,"hmm-mmm hmm-mmm hmm-mmm-mmm-mmm hmm-mmm hmm-mmm hmm-mmm-mmm-mmm i'm gonna need someone to help me i'm gonna need somebody's hand i'm gonna need someone to hold me down i'm gonna need someone to care i'm gonna writhe and shake my body i'll start pulling out my hair i'm going to cover myself with the ashes of you and nobody's gonna give a damn son of a bitch, give me a drink one more night this can't be me son of a bitch if i can't get clean i'm gonna drink my life away whoa-oh whoa-oh whoa-oh-oh-oh whoa-oh whoa-oh whoa-oh-oh-oh now for seventeen years, i've been throwing them back seventeen more will bury me can somebody please just tie me down? or somebody give me a goddamn drink son of a bitch, give me a drink one more night this can't be me son of a bitch if i can't get clean i'm gonna drink my life away hey, yeah hmm-mmm hmm-mmm hmm-mmm-mmm-mmm hmm-mmm hmm-mmm hmm-mmm-mmm-mmm my heart was breaking, hands are shaking bugs are crawling all over me my heart was breaking, hands are shaking bugs are crawling all over me my heart was breaking, hands are shaking bugs are crawling all over me my heart was aching, my hands are shaking bugs are crawling all over me son of a bitch, give me a drink one more night this can't be me son of a bitch if i can't get clean i'm gonna drink my life away son of a bitch, give me a drink son of a bitch this can't be me son of a bitch if i can't get clean i'm gonna drink my life away yeah, ah whoa-oh whoa-oh whoa-oh-oh-oh whoa-oh whoa-oh whoa-oh-oh-oh whoa-oh whoa-oh whoa-oh-oh-oh whoa-oh whoa-oh whoa-oh-oh-ohembed"
4,I Put A Spell On You,"make up your mind decide to walk with me around the lake tonight around the lake tonight by my side by my side i'm not gonna lie i'll not be a gentleman behind the boathouse i'll show you my dark secret i'm not gonna lie i want you for mine my blushing bride my lover, be my lover, yeah don't be afraid i didn't mean to scare you so help me jesus i can promise you you will stay as beautiful with dark hair and soft skin forever forever make up your mind make up your mind and i'll promise you i will treat you well my sweet angel so help me jesus hey, hey, yeah give it up to me give it up to me do you wanna be my angel? give it up to me give it up to me do you wanna be my angel? give it up to me give it up to me do you wanna be my angel? so help me! be my angel be my angel be my angel do you wanna die? do you wanna die? do you wanna die? do you wanna die? do you wanna die?! do you wanna die?! do you wanna die?! do you wanna die well i promise you i will treat you well my sweet angel so help me jesus jesus jesus jesusembed"
5,I Put A Spell On You,"we get some rules to follow that and this, these and those no one knows we get these pills to swallow how they stick in your throat tastes like gold oh, what you do to me no one knows and i realize you're mine indeed a fool am i and i realize you're mine indeed a fool am i i journey through the desert of the mind with no hope i follow i drift along the ocean dead lifeboat in the sun end come undone pleasantly caving in i come undone and i realize you're mine indeed a fool am i and i realize you're mine indeed a fool am i heaven smiles above me what a gift here below but no one knows a gift that you give to me no one knows ustedes que son padres de familia... buenas tardes senores y senoritas aqui esta el dj hector bonifacio echevarria cervantes de la cruz arroyo rojas esta es la radio quetzalcoatl estacion donde el rock vive y no muere vamos a escuchar un par de temas de queens of the stone age primero vamos a escuchar first it giveth... ...que musica impresionante temible y verdaderamente ahora van a ver a ver a ver a ver aqui va aqui va aqui va aqui vaembed"
6,I Put A Spell On You,"another head hangs lowly child is slowly taken and the violence caused such silence who are we mistaken? but you see, it's not me, it's not my family in your head, in your head, they are fightin' with their tanks and their bombs and their bombs and their guns in your head, in your head, they are cryin' in your head, in your head zombie, zombie, zombie-ie-ie what's in your head, in your head? zombie, zombie, zombie-ie-ie-ie, oh du, du, du, du du, du, du, du du, du, du, du du, du, du, du another mother's breakin' heart is takin' over when the violence causes silence we must be mistaken it's the same old theme, since in your head, in your head, they're still fightin' with their tanks and their bombs and their bombs and their guns in your head, in your head, they are dyin' in your head, in your head zombie, zombie, zombie-ie-ie what's in your head, in your head? zombie, zombie, zombie-ie-ie-ie, oh-oh-oh-oh-oh-oh-oh, eh-eh-oh, ra-ra embed"
7,I Put A Spell On You,"monster mash lyricsi was working in the lab late one night when my eyes beheld and eerie sight for my monster in his lab began to rise and suddenly to my surprise.. he did the monster mash it was a graveyard smash it caught on in a flash he did the monster mash from my laboratory in the castle east to the master bedroom where the vampires feast to ghouls all came from their humble abodes to get a jolt, from my electrobes they did the monster mash it was a graveyard smash it caught on in a flash they did the monster mash the zombies were having fun the party had just begun the guests included wolfman dracula and his son the scene was rocking, oh we're digging the sounds eagor on chains backed by asbaying hounds the coffin bangers were about to arrive with their vocal group, the crypt kicker five they played the monster mash it was a graveyard smash it caught on in a flash they played the monster mash its now the monster mash and its a graveyard smash it's caught on in a flash its now the monster mash now everything's cool, drac's a part of the band and my monster mash is the hit of the land for you the living, this mash was meant too when you get to my door, tell them borris sent you then you can monster mash and do my graveyard smash you'll catch on in a flash then you can monster mashembed"
8,I Put A Spell On You,"this is a ghouls' night out suffer unto me devils and fallen angels all ghouls in every form this is a ghouls' night out boy ghouls, girl ghouls hell the human hell of eating flesh it's my destiny ghoul, ghoul, ghouls' night out ghoul, ghoul, ghouls' night out ghoul, ghoul, ghouls' night out ghoul, ghoul, ghouls' night out ghoul ghoul ghoul ghoul destiny hell is where you ought to be i feel the hell of you and me i feel it everyday hell is where you want to be i feel the hell of you and me it never goes away ghoul, ghoul, ghouls' night out ghoul, ghoul, ghouls' night out ghoul, ghoul, ghouls' night out ghoul, ghoul, ghouls' night out ghoul ghoul ghoul ghoul destiny this is a ghouls' night out suffer unto me devils and fallen angels all ghouls in every form this is a ghouls' night out boy ghouls, girl ghouls hell the human hell of eating flesh it's my destiny to eat meat, to eat flesh it's my destiny to eat meat, to eat flesh it's my destiny to eat meat, to eat flesh it's my destiny to eat meat, to eat flesh it's my destinyembed"
9,I Put A Spell On You,"if you're gonna scream, scream with me moments like this never last when new creatures rape your face hybrids opened up the door ooh, baby, when you cry your face is momentary you hide your looks behind these scars in hybrid moments, give me a moment give me a moment, give me a moment ooh, baby, when you cry your face is momentary you hide your looks behind these scars in hybrid moments, in hybrid moments in hybrid moments, in hybrid moments give me a moment, give me a momentembed"
10,I Put A Spell On You,"yeah yeah lyricsnaa naa na na na naa naa naa naa naa na na na naa oo-ohh naa naa na na na naa naa naa naa naa na na na naa oo-ohh everybody well don't you know it's me now yeh, who's it, who is it well, he's back with a brand new beat now uh yeh, you doin' it, doin' it heyy hey hey hey yeah tryin' to bite my style? hey, hey hey yeah, how you like me now? i try to have a little fun now i stay when my ear in drum now uh hey hey heyy hey yeah turn it up turn it up now hey hey heyy yeah turn me up on the dial and everybody go ooh-oo-oo-oo-oo-ooh to the sound ofn the radio ooh-oo-oo-oo-oo-ooh to the sound of the beat ooh-oo-oo-oo-oo-ooh to the sound on the radio ooh-oo-oo-oo-oo-ooh yeah, to the sound of the beat and everybody goes naa naa na na na naa naa naa naa naa na na na naa oo-ohh naa naa na na na naa naa naa naa naa na na na naa oo-ohh these girls they be acting so sweet now yeah, they doin' it doing it they keep down with the sound of the beat now yeh they on and on in it heyy hey hey hey yeah is that it they like my style? hey hey hey yeeh oui, they like my style! and everybody goes ooh-oo-oo-oo-oo-ooh to the sound on the radio ooh-oo-oo-oo-oo-ooh to the sound of the beat ooh-oo-oo-oo-oo-ooh to the sound on the radio ooh-oo-oo-oo-oo-ooh yeah, to the sound of the beat and everybody goes ooh-oo-oo-oo-oo-ooh to the sound on the radio ooh-oo-oo-oo-oo-ooh to the sound of the beat ooh-oo-oo-oo-oo-ooh to the soung on the radio ooh-oo-oo-oo-oo-ooh yeah, to the sound of the beatembed"
11,I Put A Spell On You,"hey, what's the point of this? oh, hey, what's your favorite song? maybe we could hum along well, i think you're smart you sweet thing tell me your name i'm dying here ah-ooh, got you where i want you, oh yeah ah-ooh, got you where i want you, yeah hey, maybe just a smile oh, hey, did you know that i can dance? could we talk for a while? well, i think you're smart you sweet thing tell me your sign i'm dying here ah-ooh, got you where i want you, yeah ah-ooh, got you where i want you where i want you, i want you, yeah! suffer, suffer me don't get no rougher rub it up, baby girl torture me like no other suffer, suffer me don't get no rougher when me rock me, baby put me pain on me, lover suffer, suffer me don't get no rougher rub it up, baby girl torture me like no other suffer, suffer me don't get no rougher when me rock me, baby put me pain on me, lover well, i think you're smart you sweet thing tell me your name i'm dying here ah-ooh got you where i want you hey, yeah i've got you where i want you yeah got you where i want you got you where i want you want you want you, hey, yeah got you where i want you i've got you where i want you got you where i want youembed"
12,I Put A Spell On You,"someone said they left together i ran out the door to get her she was holding hands with trevor not the greatest feeling ever said, pull yourself together you should try your luck with heather then i heard they slept together oh, the less i know the better the less i know the better oh, my love, can't you see yourself by my side? no surprise when you're on his shoulder like every night oh, my love, can't you see that you're on my mind? don't suppose we could convince your lover to change his mind? so goodbye she said, it's not now or never wait ten years, we'll be together i said, better late than never just don't make me wait forever don't make me wait forever don't make me wait forever oh, my love, can't you see yourself by my side? i don't suppose you could convince your lover to change his mind? i was doing fine without ya till i saw your face, now i can't erase giving in to all his bullshit is this what you want? is this who you are? i was doing fine without ya till i saw your eyes turn away from mine oh, sweet darling, where he wants you said, come on, superman, say your stupid line said, come on, superman, say your stupid line said, come on, superman, say your stupid lineembed"
13,I Put A Spell On You,"party girls don't get hurt can't feel anything, when will i learn? i push it down, push it down i'm the one for a good time call phone's blowin' up, ringin' my doorbell i feel the love, feel the love one, two, three, one, two, three, drink one, two, three, one, two, three, drink one, two, three, one, two, three, drink throw 'em back till i lose count i'm gonna swing from the chandelier from the chandelier i'm gonna live like tomorrow doesn't exist like it doesn't exist i'm gonna fly like a bird through the night feel my tears as they dry i'm gonna swing from the chandelier from the chandelier but i'm holding on for dear life won't look down, won't open my eyes keep my glass full until morning light 'cause i'm just holding on for tonight help me, i'm holding on for dear life won't look down, won't open my eyes keep my glass full until morning light 'cause i'm just holding on for tonight on for tonight sun is up, i'm a mess gotta get out now, gotta run from this here comes the shame, here comes the shame one, two, three, one, two, three, drink one, two, three, one, two, three, drink one, two, three, one, two, three, drink throw 'em back till i lose count i'm gonna swing from the chandelier from the chandelier i'm gonna live like tomorrow doesn't exist like it doesn't exist i'm gonna fly like a bird through the night feel my tears as they dry i'm gonna swing from the chandelier from the chandelier but i'm holding on for dear life won't look down, won't open my eyes keep my glass full until morning light 'cause i'm just holding on for tonight help me, i'm holding on for dear life won't look down, won't open my eyes keep my glass full until morning light 'cause i'm just holding on for tonight on for tonight on for tonight 'cause i'm just holding on for tonight oh, i'm just holding on for tonight on for tonight, on for tonight 'cause i'm just holding on for tonight 'cause i'm just holding on for tonight oh, i'm just holding on for tonight on for tonight, on for tonightembed"
14,I Put A Spell On You,"i won't give up, i won't give up i won't give up, i won't give up and another one bites the dust oh, why can i not conquer love? and i might have thought that we were one wanted to fight this war without weapons and i wanted it, i wanted it bad but there were so many red flags now another one bites the dust yeah, let's be clear, i'll trust no one you did not break me i'm still fighting for peace well, i've got thick skin and an elastic heart but your blade, it might be too sharp i'm like a rubber band until you pull too hard yeah, i may snap and i move fast but you won't see me fall apart 'cause i've got an elastic heart i've got an elastic heart yeah, i've got an elastic heart and i will stay up through the night yeah, let's be clear, won't close my eyes and i know that i can survive i'll walk through fire to save my life and i want it, i want my life so bad i'm doin' everythin' i can and another one bites the dust it's hard to lose a chosen one you did not break me i'm still fighting for peace well, i've got thick skin and an elastic heart but your blade, it might be too sharp i'm like a rubber band until you pull too hard yeah, i may snap and i move fast but you won't see me fall apart 'cause i've got an elastic heart oh, oh-oh-oh-oh-oh, oh-oh-oh-oh oh-oh-oh-oh oh, oh-oh-oh-oh-oh, oh-oh-oh-oh oh-oh-oh-oh well, i've got thick skin and an elastic heart but your blade, it might be too sharp i'm like a rubber band until you pull too hard yeah, i may snap and i move fast but you won't see me fall apart 'cause i've got an elastic heart well, i've got thick skin and an elastic heart but your blade, it might be too sharp i'm like a rubber band until you pull too hard yeah, i may snap and i move fast but you won't see me fall apart 'cause i've got an elastic heart i've got an elastic heartembed"
15,I Put A Spell On You,"get on your dancing shoes there's one thing on your mind hoping they're looking for you sure you'll be rummaging through oh and the shit, shock, horror you've seen your future bride yeah, but it's oh so absurd for you to say the first word so you're waiting and waiting and the only reason that you came so what you scared for? well, don't you always do the same? it's what you're there for, don't you know? the lights are flashing down in here tonight and some might exchange a glance but keep pretending to dance don't act like it's not happening as if it's impolite to go and mention your name instead you'll just do the same as they all do and hope for the best the only reason that you came so what you scared for? well, don't you always do the same? it's what you're there for, but no get on your dancing shoes you sexy little swine hoping they're looking for you sure you'll be rummaging through i said, the shit, shock, horror you've seen your future bride, yeah yeah, but it's oh so absurd for you to say the first word so you're waiting and waitingembed"
