,name,lyrics
0,New Songs,"true, it's a dance, we know the moves the bow, the dip, the woo though the words are true the state is old news wrap me in your arms i can't feel it but rock me in your arms i can't feel it but get up, get down get up, get down feel the turn of rotation and stop see the next one waiting get up, get down get up, get down get up sentiment's the same but the pair of feet change i know my words will dry upon the skin just like a name i remember hearing wild winters, warm coffee mom's gone, do you love me? blazing summer, cold coffee baby's gone, do you love me? wrap me in your arms i can't feel it but rock me in your arms i can't feel it but get up, get down get up, get down feel the turn of rotation and stop see the next one waiting get up, get down get up, get down get up sentiment's the same but the pair of feet change get up, get down get up, get down feel the turn of rotation and stop see the next one waiting get up, get down get up, get down get up sentiment's the same but the pair of feet change my baby does the hanky-panky my baby does my baby does the hanky-panky my baby does my baby does the hanky-panky my baby does my baby does the hanky-panky my baby does get up, get down get up, get down feel the turn of rotation and stop see the next one waiting get up, get down get up, get down get up sentiment's the same but the pair of feet change get up, get down and you move it all around now get up see the next one waiting get up, get down get up, get down get up sentiment's the same but the pair of feet changeembed"
1,New Songs,the modern wolf he's kinder but see him weep it's a reminder don't wear no suit we're talking t-shirts see how he glides makes women shiver ah-woo ah-woo he ain't no jack his voice is smoother been bending notes just like his father ah-woo ah-woo but no birds or beast does he eat he only wants the tenderest meat and oh the sounds he makes them speak under all different patterns of sheets colors blind oh dopamine and she looked so good when they were last seen ah-woo ah-woo the modern wolf the modern wolf drippin' in all the lives he took he'll go on home try to wash them off but when he shaves he hears them call ah-woo ah-wooembed
2,New Songs,"i'm washing with all my friends in the kitchen drying dishes turning twisting until we can run out going swimming i feel you behind me ringing bowls right next to my ear tone was so clear so that we all could hear when the water washed around us salty holding us dear did you ever say it? oh no did you ever say it? no, no, no, no skinny skinny skinny man with a whale to hold his hand oh to trade the places fast to be swallowed let it last let it last let it last let it last i'm swimming with all my slippery beginnings white linen, sheet twisting limbs clenched so hard mouth so insistent did you ever say it ? oh no did you ever say it? no oh no did you ever say it? no oh no did you ever say it? no, no oh no ""all i want from you's a letter and to be your distant lover that is all that i can offer at this time"" all i want from you's a letter and to be your distant lover that is all that i can offer at this time all i want from you's a letter and to be your distant lover that is all that i can offer at this time all i want from you's a letter and to be your distant lover that is all that i can offer at this timeembed"
3,New Songs,"the stable song lyricsremember when our songs were just like prayers like gospel hymns that you called in the air come down, come down, sweet reverence unto my simple house and ring and ring ring like silver, ring like gold ring out those ghosts on the ohio ring like clear day wedding bells were we the belly of the beast or the sword that fell we'll never tell come to me, clear and cold, on some sea watch the world spinning waves, mad machine now i've been crazy couldn't you tell i threw stones at the stars, but the whole sky fell now i'm covered up in straw, belly up on the table well i drank and sang, and passed in the stable that tall grass grows high and brown well i dragged you straight in the muddy ground and you sent me back to where i roam well i cursed and i cried, but now i know now i know and i ran back to that hollow again the moon was just a sliver back then and i ached for my heart like some tin man when it came, oh it beat, and it boiled, and it rang oh it's ringing ring like crazy, ring like hell turn me back into that wild haired gale ring like silver, ring like gold turn these diamonds straight back into coal turn these diamonds straight back into coalembed"
4,New Songs,"amsterdam lyricsall inside our amsterdam she hides watery eyes that howling wind, she's waving hi her other hand's in mine oh oh silhouette she's growing tall and fine she's got my back she'll follow me down every street no matter what my crime all inside our amsterdam she flies hoarding the kites that howling wind, she'll take everything but she's easy on the eyes oh churches and trains they all look the same to me now they shoot you some place while we ache to come home somehowembed"
5,New Songs,"oh babe i'm yours oh babe i'm yours oh babe i'm yours oh babe i'm yours oh she's my rain in the desert she's my sun in the storm she's my food when i'm hungry she's my rose amongst the thorns she's my glue when i'm broken she's my warmth when i'm cold she's my breath when i'm choking she's my bio when i'm soaked but i want cream in my coffee i want springs in my steps i want gin in my tonic and i want all that i can get i want freedom as i run and i want wind in my fire and i want bullets in my gun to do whatever i desire when i saw her there with a flower in her hair amongst the roses yes she struck me down, made me scared, made me run from her loving just i didn't understand the power in her hands as they touched me i got hypnotized by her voice and her eyes oh babe, i'm yours, oh babe i'm yours oh babe i'm yours oh babe i'm yours oh babe i'm yours oh babe i'm yours i'm gonna live for the moment and want her plenty for her head with my hands in my pockets and the words in my head spelling out the answers through the crystals left unsaid don't analyse the problems through the steps that i tripped when i saw her there with a flower in her hair amongst the roses yes she struck me down, made me scared, made me run from her loving cause i didn't understand the power in her hands as they touched me i got hypnotized by her voice and her eyes oh babe, i'm yours, oh babe i'm yours oh babe i'm yours oh babe i'm yours oh babe i'm yours oh babe i'm yours oh babe i'm yours oh babe i'm yours oh babe i'm yours oh babe i'm yours oh babe i'm yours oh babe i'm yours oh babe i'm yours oh babe i'm yours oh babe i'm yours oh babe i'm yours oh babe i'm yours oh babe i'm yoursembed"
6,New Songs,"man i don't give a fuck what ya fucking say hey, these rules i just don't obey everything's gonna be okay cause i know it's gonna be a good motherfucking day sun's so fucking bright think i might go blind writing treaties in my mind just to get a little time just to write to few rhymes probably cause i've designed to live my life making music now i'm too sick did it quick just kidding get a smile on ya face ignore the human race i'mma bout to go space but first lets say grace anyways i've displaced my own face let's embrace pop another pill for every risk i take wait, no i don't cause i'm not like most be a good kid i won't be a great man i will hope to gain the skill got a dream to fulfill so i'll climb every hill swim through every ocean when i feel this emotion i put in notion a love potion no one has been spoken cause everyone's heart is broken x man i don't give a fuck what ya fucking say hey, these rules i just don't obey everything's gonna be okay cause i know it's gonna be a good motherfucking day early in the morning hear the birds chirping motherfucker i've been working don't like that line let me re-work it i'm constantly working it can be such a burden tables been turning i've been soul searching if you could my thoughts you'd think they're disturbing but fuck i'mma live life how the fuck i want to like how everyone wants to think that they're onto something great just to find out that they withdrew a feeling so fake tons of weight up on my shoulders get's heavier as i grow older we live witness to a crime cause time is a theif but hey, i've been in a better place got some better days heaven's got gates but i've made mistakes no lakes just lagoons time resumes even when your down in the tomb so while your here do what ya gotta do x man i don't give a fuck what ya fucking say hey, these rules i just don't obey everything's gonna be okay cause i know it's gonna be a good motherfucking day hope the sun shines bright on me tonight so much shit just isn't right so, let's get by till' the day we die we just might everything will be just fine everything will be alright soon i'll being going on a flight outta the milky way searching the galaxy for better days might just go fey but hey, today's gonna be a good motherfucking day x man i don't give a fuck what ya fucking say hey, these rules i just don't obey everything's gonna be okay cause i know it's gonna be a good motherfucking dayembed"
