,name,lyrics
0,morning,de alto cedro voy para marcane llego a cueto voy para mayari de alto cedro voy para marcane llego a cueto voy para mayari de alto cedro voy para marcane llego a cueto voy para mayari el carino que te tengo no te lo puedo negar se me sale la babita yo no lo puedo evitar cuando juanica y chan chan en el mar cernian arena como sacudia el jibe a chan chan le daba pena limpia el camino de paja que yo me quiero sentar en aquel tronco que veo y asi no puedo llegar de alto cedro voy para marcane llego a cueto voy para mayari de alto cedro voy para marcane llego a cueto voy para mayari de alto cedro voy para marcane llego a cueto voy para mayari de alto cedro voy para marcane llego a cueto voy para mayari de alto cedro voy para marcane llego a cueto voy para mayari de alto cedro voy para marcane llego a cueto voy para mayariembed
1,morning,"oigame compay! no deje el camino por coger la vereda usted por enamorado tan viejo y con poco brillo usted por enamorado tan viejo y con poco brillo el pollo que tiene al lado le ha hecho perder el trillo !oigame compay! no deje el camino por coger la vereda ay, pero yo como soy tan sencillo pongo en claro esta trovada yo como soy tan sencillo pongo en claro esta trovada compay, yo no dejo el trillo para meterme en canada !oigame compay! no deje el camino por coger la vereda ay, pero estabamo' comentando por que ha abandonado a andrea estabamo' comentando por que ha abandonado a andrea compadre uste' 'ta cambiando de camino por vereda !oigame compay! no deje el camino por coger la vereda pero mire compadrito, uste' ha 'dejao' a la pobre geraldina para meterse con dorotea no hables de tu marido mujer mujer de malos sentimientos todo se te ha vuelto un cuento porque no ha llegado la hora fatal !oigame compay! no deje el camino por coger la vereda ay ay ay ay, canta y no llore' eliade' porque cantando se alegran, cielito mio los corazones no hables de tu marido mujer mujer de malos sentimientos todo se te ha vuelto un cuento porque no ha llegado la hora fatal ay, huyanle, huyanle, huyanle al mayoral pero ese senor esta en el paso y no me deja pasar a la man...a la man...a la mancunchevere camina como chevere ha matado su madre, mamaembed"
2,morning,"isn't she lovely? isn't she wonderful? isn't she precious? less than one minute old i never thought through love, we'd be making one as lovely as she but isn't she lovely? made from love isn't she pretty? truly the angel's best boy, i'm so happy we have been heaven blessed i can't believe what god has done through us, he's given life to one but isn't she lovely? made from love isn't she lovely? life and love are the same life is aisha the meaning of her name londie, it could have not been done without you who conceived the one that's so very lovely, made from love embed"
3,morning,"you are the sunshine of my life that's why i'll always be around you are the apple of my eye forever you'll stay in my heart i feel like this is the beginning though i've loved you for a million years and if i thought our love was ending i'd find myself drowning in my own tears you are the sunshine of my life, yeah that's why i'll always stay around, mmm-mmm, yeah-yeah you are the apple of my eye forever you'll stay in my heart you must have known that i was lonely because you came to my rescue and i know that this must be heaven how could so much love be inside of you? you are the sunshine of my life, yeah that's why i'll always stay around, mmm you are the apple of my eye forever you'll stay in my heartembed"
4,morning,"do you remember the st night of september? love was changin' the minds of pretenders while chasin' the clouds away our hearts were ringin' in the key that our souls were singin' as we danced in the night, remember how the stars stole the night away, oh, yeah hey, hey, hey ba-dee-ya, say, do you remember? ba-dee-ya, dancin' in september ba-dee-ya, never was a cloudy day ba-du-da, ba-du-da, ba-du-da, ba-du ba-du-da, ba-du, ba-du-da, ba-du ba-du-da, ba-du, ba-du-da my thoughts are with you holdin' hands with your heart to see you only blue talk and love, remember how we knew love was here to stay now december found the love that we shared in september only blue talk and love, remember the true love we share today hey, hey, hey ba-dee-ya, say, do you remember? ba-dee-ya, dancin' in september ba-dee-ya, never was a cloudy day there was a ba-dee-ya , say, do you remember? ba-dee-ya , dancin' in september ba-dee-ya , golden dreams were shiny days the bell was ringin', oh, oh our souls were singin' do you remember never a cloudy day? yow there was a ba-dee-ya , say, do you remember? ba-dee-ya , dancin' in september ba-dee-ya , never was a cloudy day and we'll say ba-dee-ya , say, do you remember? ba-dee-ya , dancin' in september ba-dee-ya , golden dreams were shiny days ba-dee-ya, dee-ya, dee-ya ba-dee-ya, dee-ya, dee-ya ba-dee-ya, dee-ya, dee-ya, dee-ya! ba-dee-ya, dee-ya, dee-ya ba-dee-ya, dee-ya, dee-ya ba-dee-ya, dee-ya, dee-ya, dee-ya!embed"
5,morning,"love's holiday lyricswould you mind if i touched, if i kiss, if i held you tight? in the morning light, yeah would you mind if i said how i felt tenderly tonight? again 'cause i never ever felt this way in my heart before, oh love has found its way in my heart, tonight, yeah, yeah would you mind if i looked in your eyes 'til i'm hypnotized? and i lose my pride, yeah would you mind if i made love to you 'til i'm satisfied? once again 'cause i never felt, felt this way in my heart, oh before, oh love has found its way in my heart, tonight once again 'cause i never ever felt this way in my heart before, oo, oh love has found its way in my heart, tonight oh love would you mind, yeah, yeah, yeah, yeah, oh baby would you mind, baby, yeah, yeah, yeah, alright gonna look into your eyes 'til i'm hypnotized make love to you, baby, 'til i'm satisfied look into your eyes 'til i'm hypnotized make love to you, baby, 'til i'm satisfied look into your eyesembed"
6,morning,"ah-ha-ha, yeah summer breeze, all in my mind ah-ha, yeah summer breeze, all in my mind no-no-no-no, it's allinmy mind no-no-no-no, it'sall in my mind summer breeze makesme feel fine blowin' through the jasmine in my mind summer breezemakesmefeel fine blowin' thoughthe jasmine inmy mind see the curtains hangin' in the window in the evening on a friday night a little light shinin' through the window lets me know every-everything's all right summer breeze makes me feel fine blowin' through the jasmine in my mind summer breeze makes me feel fine blowin' though the jasmine in my mind sweet days of summer, the jasmine's in bloom july is dressed up and playing her tune when i come home from a hard day's work and you're waitin' there not a care in the world see the smile awaitin' in the kitchen through cookin' and the plates for two feel the arms that reach out to hold me in the evening when the day is through summer breeze makes me feel fine blowin' through the jasmine in my mind summer breeze makes me feel fine blowin' though the jasmine in my mind ah, summer breezeembed"
7,morning,"i got the whole damn squad turnin' up around the way got the whole back seat breakin' down a roller press the issue, i had at 'em at the intro let the dj drop the first part and blow the whistle i'm whilin' my hotline bling, i got missed calls my check just came, marty bought the whole bar i need a bad filipino that only sip hennessy honey drippin' constantly the kin will cop the cavity i be chillin', b, as cool as i is her ass bigger than my ego, damn that shit was hella big playing no games, wearing horizontal stripes smoking on cigarette, it was love at first sight kick the door in, i don't think we finished give me wrist bands, please, at the entrance i'm whilin' say whatever want and its not even fun man i'm not even drunk, i'm guaranteed that doctor cause baby girl is crazy as her curls is swear that ass on purpose, she whilin' make me nervous sweet as tampico, hot as tapatio i know i gotta see you, i know i gotta meet you yeah we actin' up tonight we actin' up and we can kick it all night she sweet as tampico, hot as tapatio i know i gotta see you, i know i gotta meet you man: you wanna be in video? it's for my band woman: you're in a band? man: yes woman: if you're in a band, sing me a song i'm feelin' just like lebron, i do whatever i want chief and yves saint laurent talkin shit on the phone, i might buy you a shot the patron sayin' patron man, why you buying drinks if you need to hit my venmo? why you buying jeans if you need to pay your rent hoe? why you buy that beamer? need to get you a sorento i just like to drive so, skrrt, skrrt, skrrt and i pulled up home bumpin' the beat yellow submarine, while i order margarita's at the reparatory theatre with my homie thats a teacher my girlfriend need a visa, she the girl from ipanima imma metta world peace ya, if i see you in the bleachers and i ain't felt like this since we partied with the dudleys that's alaskan kleeka and a siberian husky cold glass of cleeko with my dogs who fuck with me cold glass of cleeko can't nobody fuck with me embed"
8,morning,momento lyricsbem tanta coisa e tao escondida que voce nao quer nem mais lembrar quem sabe talvez so voce queira tanto tanto esconder tudo vai terminar tudo era um tormento deixa isso tudo passar vem viver este momento dos momentos agora nao tem mais nao tem mais nada que eu possa alcancar so dentro do meu peito eu quase paro eu nao paro de me atormentar mas deixe isso tudo pra la tudo era um momento deixe isso tudo lavar vem viver este momento dos momentos ah sim guarda para sempre sempre sim guarda dos momentos tudo vai terminar tudo era um momento deixe isso tudo pra la vem viver este momentos dos momentos tem que reciclar deixe isso tudo pra la embed
9,morning,"i need a dollar, dollar dollar, that's what i need well, i need a dollar, dollar dollar, that's what i need said i need a dollar, dollar dollar, that's what i need and if i share with you my story would you share your dollar with me? bad times are coming and i reap what i done sowed well, let me tell you something, all that glitters ain't gold it's been a long old trouble, long old troublesome road and i'm looking for somebody come and help me carry this load i need a dollar, dollar dollar, that's what i need well, i need a dollar, dollar dollar, that's what i need well, i don't know if i'm walking on solid ground 'cause everything around me is falling down and all i want is for someone to help me i had a job but the boss man let me go i'm sorry, but i won't be needing your help no more please, mister boss man i need this job more than you know but he gave me my last paycheck and he sent me on out the door well, i need a dollar, dollar dollar, that's what i need said i need a dollar, dollar dollar, that's what i need and i need dollar, dollar dollar, that's what i need and if i share with you my story would you share your dollar with me? well, i don't know if i'm walking on solid ground 'cause everything around me is crumbling down and all i want is for someone to help me what in the world am i gonna do tomorrow? is there someone with a dollar i could borrow? who can help me take away my sorrow? maybe it's inside the bottle i had some good old buddies, names is whiskey and wine and for my good old buddies i spent my last dime now wine is good to me, he help me pass the time and my good old buddy whiskey keep me warmer than sunshine your mama may have blessed the child that's got his own if god has plans for me i hope it ain't written in stone because i've been working, working myself down to the bone and i swear on grandpa's grave i'll be paid when i come home well, i need a dollar, dollar dollar, that's what i need said i need a dollar, dollar dollar, that's what i need well, i said i need dollar, dollar dollar, that's what i need and if i share with you my story would you share your dollar with me? (c'mon share your dollar with me go 'head, share your dollar with me c'mon share your dollar, gimme your dollar share your dollar with me c'mon share your dollar with me)embed"
10,morning,something special happened today i got green lights all the way with no big red sign to stop me no traffic jam delay see i was driving over the moon in my big hot air balloon floating high into the darkness i hope i get there soon it's so many things to do so many people i need to talk to and they've all been waiting for me well i gotta make it through thank my stars for every green you have no idea what it means to a man who's always traveling who's seen the things that i've seen i don't know what's yet to come not sure if anything that i've done really makes that much a difference well i hope it has for some well i was driving over the moon in my big hot air balloon floating high up into the darkness i promise that i'll make it to you very soon something special happened todayembed
11,morning,"you make me smile you make me smile i think its safe to say things just haven't been going my way no work coming in, so my money is thin and i still got bills to pay but all in all you been right here with me when i'm sinking low you come through and lift me it's nothing more than the love that you give me keeps me from drowning in tears you make me smile you make me smile you make me smile you make me smile everywhere i go people seem to ask me where i get my joy, why am i so happy? in these trying times when a frown is the fashion i'm beaming like the sun, now how can that be? see the answer to the query is very simple i'm always grinning from dimple to dimple because you love me unconditionally my happiness is heart-shaped, can't you see can't you see when you're gone girl i just don't know what to do everything about you girl everything revolves around you you make me smile you make me smile you make me smile you make me smile you make me smile you make me smile you make me smile you make me smile you make me smile you make me smile you make me smile you make me smile you make me smile... smile! smile!embed"
12,morning,"easy - extended version lyricsknow it sounds funny but i just can't stand the pain girl, i'm leavin' you tomorrow seems to me girl, you know i've done all i can you see, i beg, stole and i borrowed, yeah, ooh that's why i'm easy i'm easy like sunday morning that's why i'm easy i'm easy like sunday morning why in the world would anybody put chains on me, yeah i've paid my dues to make it everybody wants me to be what they want me to be i'm not happy when i try to fake it, no, ooh that's why i'm easy i'm easy like sunday morning it's why i'm easy i'm easy like sunday morning i wanna be high, so high i wanna be free to know the things i do are right i wanna be free, just me, whoa, baby that's why i'm easy i'm easy like sunday morning, yeah that's why i'm easy i'm easy like sunday morning, whoa 'cause i'm easy, easy like sunday morning, yeah 'cause i'm easy, yeah i'm easy like sunday morning, whoaembed"
13,morning,"swingin' in the backyard, pull up in your fast car whistlin' my name open up a beer and you say, get over here and play a video game i'm in his favorite sundress, watching me get undressed take that body downtown i say, you the bestest, lean in for a big kiss put his favorite perfume on go play a video game it's you, it's you, it's all for you everything i do i tell you all the time heaven is a place on earth with you tell me all the things you wanna do i heard that you like the bad girls, honey is that true? it's better than i ever even knew they say that the world was built for two only worth living if somebody is loving you and baby, now, you do hmm, mmm singin' in the old bars, swinging with the old stars livin' for the fame kissin' in the blue dark, playing pool and wild darts and video games he holds me in his big arms, drunk and i am seeing stars this is all i think of watchin' all our friends fall in and out of old paul's this is my idea of fun playing video games it's you, it's you, it's all for you everything i do i tell you all the time heaven is a place on earth with you tell me all the things you wanna do i heard that you like the bad girls, honey is that true? it's better than i ever even knew they say that the world was built for two only worth living if somebody is loving you and baby, now, you do it's you, it's you, it's all for you everything i do i tell you all the time heaven is a place on earth with you tell me all the things you wanna do i heard that you like the bad girls, honey is that true? it's better than i ever even knew they say that the world was built for two only worth living if somebody is loving you and baby, now, you do hmm, mmm, now, you do embed"
14,morning,"blue jeans, white shirt walked into the room, you know you made my eyes burn it was like james dean for sure you're so fresh to death and sick as ca-cancer you were sorta punk rock, i grew up on hip hop but you fit me better than my favorite sweater and i know that love is mean and love hurts but i still remember that day we met in december, oh, baby i will love you 'til the end of time i would wait a million years promise you'll remember that you're mine baby, can you see through the tears? love you more than those bitches before say you'll remember , say you'll remember oh, baby, oohi will love you till the end of time big dreams, gangsta said you had to leave to start your life over i was like, no, pleasestay here we don't need no money, we could make it all work but he headed out on sunday, said he'd come home monday i stayed up waiting, anticipating, and pacing but he was chasing paper caught up in the game, that was the last i heard i will love you 'til the end of time i would wait a million years promise you'll remember that you're mine baby, can you see through the tears? love you more than those bitches before say you'll remember , say you'll remember oh, baby, oohi will love you till the end of time you went out every night, and baby, that's alright i told you that no matter what you did, i'd be by your side 'cause i'ma ride or die, whether you fail or fly well, shit, at least you tried but when you walked out that door, a piece of me died told you i wanted more; that's not what i had in mind i just want it like before, we were dancing all night then they took you away, stole you out of my life you just need to remember i will love you 'til the end of time i would wait a million years promise you'll remember that you're mine baby, can you see through the tears? love you more than those bitches before say you'll remember , say you'll remember oh, baby, oohi will love you till the end of timeembed"
15,morning,"we're bound to wait all night she's bound to run amok invested enough in it anyhow and to each his own the garden is sorting out she curls her lips on a barrel i don't know if you're dead or not if you're anyone come on and get the minimum before you open up your eyes this army has so many heads to analyze come on and get your overdose collect it at the borderline and they want to get up in your head 'cause they know, and so do i the high road is hard to find a detour in your new life tell all of your friends goodbye the dawn to end all nights that's all we hoped it was a break from the warfare in your house but to each his own a soldier is bailing out and curled his lips on the barrel and i don't know if the dead can talk to anyone come on and get the minimum before you open up your eyes this army has so many heads are you one of us? come on and get your overdose collect it at the borderline and they want to get up in your head 'cause they know, and so do i the high road is hard to find a detour in your new life tell all of your friends goodbye it's too late to change your mind you've let loss be your guide it's too late to change your mind you've let loss be your guide it's too late to change your mind you've let loss be your guide it's too late to change your mind you've let loss be your guideembed"
16,morning,"i backed my car into a cop car the other day well, he just drove off, sometimes life's okay i ran my mouth off a bit too much, oh, what did i say? well, you just laughed it off, it was all okay and we'll all float on, okay and we'll all float on, okay and we'll all float on, okay and we'll all float on anyway, well a fake jamaican took every last dime with that scam it was worth it just to learn some sleight of hand bad news comes, don't you worry even when it lands good news will work its way to all them plans we both got fired on exactly the same day well, we'll float on, good news is on the way bring it on, here we are, win or lose, win or lose win or lose, win or lose, win or lose, win or lose win or lose, win or lose, i can't say and we'll all float on, okay and we'll all float on, okay and we'll all float on, okay and we'll all float on, alright already, we'll all float on no, don't you worry, we'll all float on, alright already, we'll all float on, alright don't worry, we'll all float on and we'll all float on alright, already, we'll all float on, alright don't worry, even if things end up a bit too heavy we'll all float on alright, already, we'll all float on alright, already, we'll all float on okay, don't worry, we'll all float on even if things get heavy, we'll all float on alright, already, we'll all float on now don't you worry, we'll all float on we'll all float onembed"
