,name,lyrics
0,smooth ,"oh, how the breakers roar keep pulling me farther from shore thoughts turn to a love so kind just to keep me from losing my mind so enticing, deep dark seas it's so easy to drown in the dream oh, and everything is not what it seems this life is but a dream shatter illusions that hold your spirit down open up your heart and you'll find love all around breathing and moving are healing and soothing away all the pain in life holding you down bone breaks and heals oh, but heartaches can kill from the inside, so it seems oh, i'm telling you it's all a dream it's all a dream it's all a dream it's all a dream it's all a it's all a dreamembed"
1,smooth ,magma lyricstake a trip along with us eroding breaking what we must in order to feel lust a breeze in the cloud creating flight in our memory memory is all we have and if we have none we sink in the ground searching like moles for our minds melting into the magma so if memory was a woman magma would be her name and i call it and i ask her magma what was the first words i said and why did i say them magma you know cause you melted my bones and my brains i see you late at night when i dream magma you are my warm blanket that leaves me when i wake please don't go when i call you better showembed
2,smooth ,rawnald gregory erickson the second lyricsall my life there you go oh please stay just this once anyway all my life there they go oh please stay for the night anyway all my life there you go oh please stay just this once anyway all my life there they go oh please stay for the night anywayembed
3,smooth ,"singing oh, happiness singing oh, happiness i got a homesick heart but a long ways left to go i've been doing my part but i ain't got much to show so i'm asking you to show me some forgiveness it's all for you in my pursuit of happiness chasing that life, moving on 'cause i had to prove there ain't no life worth doing what i did to you so i'm asking you to show me some forgiveness it's all for you in my pursuit of happiness i got dreams that keep me up in the dead of night telling me i wasn't made for the simple life there's a light i see, but it's far in the distance i'm asking you to show me some forgiveness it's all for you in my pursuit of happiness singing oh, happiness singing oh, happiness i've been working all night, maybe you could help me to believe this song ain't nothing if this song can't set you free so i'm asking you to show me some forgiveness it's all for you in my pursuit of happiness i got dreams that keep me up in the dead of night telling me i wasn't made for the simple life there's a light i see, but it's far in the distance i'm asking you to show me some forgiveness it's all for you in my pursuit of happiness singing oh, happiness singing oh, happiness sometimes you leave the ones you love but if it's love, they won't give up 'cause they know a war's raging and you gotta choose these days are tough, these days are long sometimes it's hard, you carry on but i hear a voice singing and i know it's true i got dreams that keep me up in the dead of night telling me i wasn't made for the simple life there's a light i see, but it's far in the distance i'm asking you to show me some forgiveness it's all for you in my pursuit of happiness, yeah singing oh, happiness singing oh, happiness oh, happiness singing oh, happiness embed"
4,smooth ,"i've been on the low, i been taking my time i feel like i'm out of my mind it feel like my life ain't mine i've been on the low, i been taking my time i feel like i'm out of my mind it feel like my life ain't mine i don't wanna be alive, i don't wanna be alive i just wanna die today, i just wanna die i don't wanna be alive, i don't wanna be alive i just wanna die and let me tell you why all this other shit i'm talkin' 'bout, they think they know it i've been praying for somebody to save me, no one's heroic and my life don't even matter, i know it, i know it i know i'm hurting deep down, but can't show it i never had a place to call my own i never had a home, ain't nobody callin' my phone where you been? where you at? what's on your mind? they say every life precious but nobody care about mine i've been on the low, i been taking my time i feel like i'm out of my mind it feel like my life ain't mine i've been on the low, i been taking my time i feel like i'm out of my mind it feel like my life ain't mine i want you to be alive, i want you to be alive you don't gotta die today, you don't gotta die i want you to be alive, i want you to be alive you don't gotta die, now let me tell you why it's the very first breath when your head's been drowning underwater and it's the lightness in the air when you're there chest-to-chest with a lover it's holding on, though the road's long, seeing light in the darkest things and when you stare at your reflection, finally knowing who it is i know that you'll thank god you did i know where you been, where you are, where you goin' i know you're the reason i believe in life what's the day without a little night? i'm just tryna shed a little light it can be hard it can be so hard but you gotta live right now you got everything to give right now i've been on the low, i been taking my time i feel like i'm out of my mind it feel like my life ain't mine i've been on the low, i been taking my time i feel like i'm out of my mind it feel like my life ain't mine i finally wanna be alive, i finally wanna be alive i don't wanna die today, i don't wanna die i finally wanna be alive, i finally wanna be alive i don't wanna die, i don't wanna die pain don't hurt the same, i know the lane i travel feels alone but i'm moving 'til my legs give out and i see my tears melt in the snow but i don't wanna cry, i don't wanna cry anymore i wanna feel alive, i don't even wanna die anymore oh, i don't wanna i don't wanna i don't even wanna die anymoreembed"
5,smooth ,"here to tell you the truth, tell you i'm nervous tell you my story, tell you i'm worth it tell you my flaws and my faults and my doubts give you my heart and what's left of it now tell you my hurt, tell you my pain tell you the thoughts i keep trapped in my brain tell you that nothin's the same tell you i'm nothin' much more than a man and tell you, i fear i may never find love tell you i'm gettin' in touch with above and right now, can't deny that i'm scared, all this music i wrote won't compare or warrant the buzz alone in my room, dissectin' each line that i rhyme i don't know how i'll finish on time missed the drop date three times, i know that i let you all down well, i was the first in that line, so sever my soul from my body, engulf it in music then give you somethin to relate this is somewhere to go when your heart becomes cold and your friends become fake as you stand on the edge of the world you feel like you're destined to break and your grandma is screaming, you're worthless! and calling you names to your face mom and i had to move to a place second time that i'll rhyme to paint this picture and i can't deny, i would hide in my room and would cry from dealin' with ya picture's so vivid, you yell in the kitchen i'm takin' my boxes, i've made a decision i'm done with your dissin', your father they're fixin' i tried to be nice, but you just wouldn't listen i couldn't wait for the day just to give you my take on the shit that you did silly old bitch, never be like you, never be so rude i hope, i wish alone and sit, you sit, but this is where we end it it's crazy to me how the truth is often most offensive battle tested, learned my lesson to forgive, but not forget i spilled my heart, opened my chest irrelevant, you are to me, but part to me, honestly thought i should address, life often makes this mess i've come to give you more while everybody gives you less yeah, and, lookin' back on it all was a lie at your friend's house and there's no other guys surprise, and look who you're with i'm not tryin' to diss, i'm just tellin' you this that your feelings may fade, but your memories stick hope you're happy with him i honestly hope you're happy with him and he does all the things that i would and i tried but i couldn't could keep going on, but i know that i shouldn't i shouldn't waste any more time shouldn't waste any more lines when you're drunk off the wine, do you find me crossin' your mind? we knew this would happen with time but i think that we finally figured it out that we would just never work out i tried pickin' you up, you tried pullin' me down but now life without you is where happy is found and right now, i'm just focused on music, trust you would lose it ripped out my heart, you abused and you used it love's not a label on facebook when i gave you everything like, girl, wait, look but you didn't care, i would just stare at my wall and you gave me no reason at all when you left picked myself up when you made me feel less much better off and at that i detest well, now let's just put it to rest, i wish you the best my friends don't respond to my texts yes, i've been busy with kindest regards but is it that hard just to call? i wanna hang out, yet you're shuttin' me out and you put in no effort at all now you got me confused like, what did i do? used to tell you if i'll make it, i'll be bringin' all of you now, my circles are limited a few and y'all walked out and left, that left no one to lose i got nothin' to lose and nothin' to gain by not tellin' the truth been barely believin' in love i still really don't even know if i do but if someone was ever to make me believe then that someone is you, i promise it's you i never took action, you're snapchattin' askin' me where all my music is at we're talkin' right now as i'm writin' this rap you're someone i wish that i always could have and to be blatant, girl, your name is still can't say it never could say it, scared you would hate it wonder what crosses your mind when you play it i'm patient, i'm waitin' for you even wrote rescue about me and you maybe, one day we'll be, we'll wait and we'll see now i'm chasin' my dream, and i hope you do too and i'm hopin' to prove, i'm payin' my dues dad would get drunk and pass out, i'm like, what are you doin'? booze and you lose it, he knew it so he got sober, so proud, i knew you could do it i'm out at a party, y'all tell me to drink here's what i think, i think you look stupid sinkin' my soul in the music i do it for free and just know that i'm woven into it my fans we turned into fam i'm here to guide you, give me your hands tell me your thoughts, and your dreams, and your plans they told me i never could be what i am now, look where we stand we stand for everything we said we'd stand for when they tried to give us less, we said, nah, fuck that we demand more, and we stand tall dan told me, jump on that beat and go tell 'em the truth that's what i do, i do this for you i tell you my story to help you get through and you see that this life is hard the darkest nights make the brightest stars i'm bringin' y'all with me, let's raise the bar i know y'all can feel this, whoever you are kindest regards, markembed"
6,smooth ,"heto mi halanma mine waddimi yiddema ko ane tane holimi holimi ko ndjidirmi o dunne dunne hum hum waddimi yidde in the cold light, i live to love and adore you it's all that i am, it's all that i have in the cold light, i live, i only live for you it's all that i am, it's all that i have humm ko ane holimi koliyo ngopei ndjoukirade hasidagal modiani waddimi yiddema waddimi yiddema mine waddimi yiddema ko ane tane rokimi ko nanei nanei nanei nanei nanei mi waddno ko jonni jonni jonni jonni jonni mi watti ko jonni jonni jonni jonni jonni mi watti so open up my eyes to a new light i wandered 'round your darkened land all night but i lift up my eyes to a new high and indeed there would be time in the cold light, i live to love and adore you it's all that i am, it's all that i have in the cold light i live, i only live for you it's all that i am, it's all that i have and in the cold light, i live to love and adore you it's all that i am, it's all that i have in the cold light, i live to love and adore you it's all that i am, it's all that i have why do i keep falling? why do i keep falling? there is a time, a time to love a time to sing, a time to shine a time to leave, a time to stay there is a time, a time to cry a time to love, a time to live there is a time, a time to sing a time to love and in the cold light, i live to love and adore you it's all that i am, it's all that i have in the cold light, i live, i only live for you it's all that i am, it's all that i have why do i keep falling? why do i keep falling?embed"
7,smooth ,"it's empty in the valley of your heart the sun, it rises slowly as you walk away from all the fears and all the faults you've left behind the harvest left no food for you to eat you cannibal, you meat-eater, you see but i have seen the same i know the shame in your defeat but i will hold on hope and i won't let you choke on the noose around your neck and i'll find strength in pain and i will change my ways i'll know my name as it's called again 'cause i have other things to fill my time you take what is yours and i'll take mine now let me at the truth which will refresh my broken mind so tie me to a post and block my ears i can see widows and orphans through my tears i know my call despite my faults and despite my growing fears but i will hold on hope and i won't let you choke on the noose around your neck and i'll find strength in pain and i will change my ways i'll know my name as it's called again so come out of your cave walking on your hands and see the world hanging upside down you can understand dependence when you know the maker's land so make your siren's call and sing all you want i will not hear what you have to say 'cause i need freedom now and i need to know how to live my life as it's meant to be and i will hold on hope and i won't let you choke on the noose around your neck and i'll find strength in pain and i will change my ways i'll know my name as it's called againembed"
8,smooth ,"well i came home like a stone and i fell heavy into your arms these days of dust which we've known will blow away with this new sun but i'll kneel down wait for now and i'll kneel down know my ground and i will wait, i will wait for you and i will wait, i will wait for you so break my step and relent well you forgave and i won't forget know what we've seen and him with less now in some way shake the excess 'cause i will wait, i will wait for you and i will wait, i will wait for you and i will wait, i will wait for you and i will wait, i will wait for you so i'll be bold as well as strong and use my head alongside my heart so tame my flesh and fix my eyes a tethered mind, freed from the lies but i'll kneel down wait for now i'll kneel down know my ground raise my hands paint my spirit gold and bow my head keep my heart slow 'cause i will wait, i will wait for you and i will wait, i will wait for you and i will wait, i will wait for you and i will wait, i will wait for youembed"
9,smooth ,"weep for yourself, my man you'll never be what is in your heart weep little lion man you're not as brave as you were at the start rate yourself and rake yourself take all the courage you have left and waste it on fixing all the problems that you made in your own head but it was not your fault but mine and it was your heart on the line i really fucked it up this time didn't i, my dear? didn't i, my tremble for yourself, my man you know that you have seen this all before tremble little lion man you'll never settle any of your scores your grace is wasted in your face your boldness stands alone among the wreck now learn from your mother or else spend your days biting your own neck but it was not your fault but mine and it was your heart on the line i really fucked it up this time didn't i, my dear? but it was not your fault but mine and it was your heart on the line i really fucked it up this time didn't i, my dear? didn't i, my dear? haa-a-a-a ha-a-a-a-a-a ha-a-a-a-a-a ha-a-a-a-a-a ha-a-a-a-a ha-a-a-a-a but it was not your fault but mine and it was your heart on the line i really fucked it up this time didn't i, my dear? but it was not your fault but mine and it was your heart on the line i really fucked it up this time didn't i, my dear? didn't i, my dear?embed"
10,smooth ,"you may call it in this evening but you've only lost the night preset all your pretty feelings may they comfort you tonight and i'm climbing over something and i'm running through these walls i don't even know if i believe i don't even know if i believe i don't even know if i believe everything you're trying to say to me i had the strangest feeling your world's not all it seems so tired of misconceiving what else this could've been i don't even know if i believe i don't even know if i believe i don't even know if i believe everything you're trying to say to me so open up my eyes tell me i'm alive this is never gonna go our way if i'm gonna have to guess what's on your mind say something, say something something like you love me lest you want to move away from the noise of this place i don't even know if i believe i don't even know if i believe i don't even know if i wanna believe anything you're trying to say to me so open up my eyes tell me i'm alive this is never gonna go our way if i'm gonna have to guess what's on your mind so open up my eyes tell me i'm alive this is never gonna go our way if i'm gonna have to guess what's on your mindembed"
11,smooth ,"how fickle my heart and how woozy my eyes i struggle to find any truth in your lies and now my heart stumbles on things i don't know my weakness i feel i must finally show lend me your hand and we'll conquer them all but lend me your heart and i'll just let you fall lend me your eyes i can change what you see but your soul you must keep, totally free har har, har har har har, har har awake my soul awake my soul how fickle my heart and how woozy my eyes i struggle to find any truth in your lies and now my heart stumbles on things i don't know my weakness i feel i must finally show har har, har har har har, har har in these bodies we will live in these bodies we will die where you invest your love you invest your life in these bodies we will live in these bodies we will die and where you invest your love you invest your life yeah awake my soul awake my soul awake my soul for you were made to meet your maker awake my soul awake my soul awake my soul for you were made to meet your maker you were made to meet your makerembed"
